dataset,model,method,threshold,f2,auc_roc,auc_pr,brier,ece,coverage
ur3,full,raw,0.17,0.7383773928896992,0.8544266959839618,0.7730693746546161,0.1644480115596318,0.1677048668820173,1.0
ur3,full,temperature (T=0.92),0.17,0.7479224376731302,0.8544266959839618,0.7730693746546161,0.16488508870377658,0.1619899410767653,1.0
ur3,full,isotonic,0.17,0.747577295800646,0.8503182169200864,0.7352416262983255,0.14166110193238837,0.09099669609192415,1.0
ur3,full,MC-reject 10%,0.37,0.7412626832018039,0.86660559156252,0.7936578056426635,0.16069475225468727,0.1631409232946202,0.9069148936170213
ur3,full,MC-reject 10%+temp,0.35000000000000003,0.7491582491582491,0.86660559156252,0.7936578056426635,0.16153612604334783,0.15693249418705207,0.9069148936170213
ur3,full,MC-reject 20%,0.37,0.7654402102496715,0.890626733222407,0.8309345762054101,0.14940878967763407,0.15200729750259326,0.7721631205673759
ur3,full,MC-reject 20%+temp,0.35000000000000003,0.7649376231122784,0.890626733222407,0.8309345762054101,0.15095054660908472,0.14393586784293266,0.7721631205673759
ur3,full,MC-reject 30%,0.38,0.803030303030303,0.9137651076366803,0.867393055484541,0.13767536084507728,0.1447390401282826,0.6560283687943262
ur3,full,MC-reject 30%+temp,0.36000000000000004,0.803030303030303,0.9137651076366803,0.867393055484541,0.13980335316963188,0.13726255176840602,0.6560283687943262
ur3,proposed_lite,raw,0.19,0.742132456552372,0.8504095164548392,0.7672690424391166,0.17649451401401783,0.1880573655300318,1.0
ur3,proposed_lite,temperature (T=0.99),0.18000000000000002,0.7419505366308913,0.8504095164548392,0.7672690424391166,0.1765878468849122,0.18798953955927006,1.0
ur3,proposed_lite,isotonic,0.17,0.7414359455654622,0.8489981778134521,0.7459433919591097,0.1435137549729016,0.1016512629873258,1.0
ur3,proposed_lite,MC-reject 10%,0.19,0.7682154171066525,0.8677096860438469,0.7966675009718576,0.17026389506582962,0.17792314669156722,0.8803191489361702
ur3,proposed_lite,MC-reject 10%+temp,0.18000000000000002,0.7678197064989518,0.8677096860438469,0.7966675009718576,0.1703431808086821,0.177951594013702,0.8803191489361702
ur3,proposed_lite,MC-reject 20%,0.19,0.8032786885245902,0.9040019208089995,0.8504356611879368,0.15505390058046736,0.17009935146289887,0.7163120567375887
ur3,proposed_lite,MC-reject 20%+temp,0.2,0.8068783068783069,0.9040019208089995,0.8504356611879368,0.1553597815201313,0.17018997514306913,0.7163120567375887
ur3,proposed_lite,MC-reject 30%,0.19,0.8433734939759037,0.9230021516741536,0.8827119078360204,0.13720714393202393,0.14975964355207708,0.6072695035460993
ur3,proposed_lite,MC-reject 30%+temp,0.18000000000000002,0.8421052631578947,0.9230021516741536,0.8827119078360204,0.13791145350783252,0.14674544667240474,0.6072695035460993
cmapss_fd001,full,raw,0.39,0.8657534246575342,0.9955258992173072,0.8914111174819223,0.011428350593961337,0.013741899075147522,1.0
cmapss_fd001,full,temperature (T=1.03),0.39,0.8652792990142387,0.9955258992173072,0.8914111174819224,0.011410061823822924,0.014193821665886628,1.0
cmapss_fd001,full,isotonic,0.14,0.8652792990142387,0.9928795168508585,0.8681852611231976,0.009236864519851092,0.003952438254152775,1.0
cmapss_fd001,full,MC-reject 10%,0.15000000000000002,0.9560975609756097,0.998602517042475,0.9585200115476199,0.00295930688230038,0.004607191668157516,0.9547861906630051
cmapss_fd001,full,MC-reject 10%+temp,0.13,0.9560975609756097,0.998602517042475,0.9585200115476199,0.0029906437445916764,0.003724189381663791,0.9547861906630051
cmapss_fd001,full,MC-reject 20%,0.03,0.975609756097561,0.9983971386076423,0.9819888845223117,0.000220971326303662,0.0021981994886739087,0.9196743821106316
cmapss_fd001,full,MC-reject 20%+temp,0.01,0.975609756097561,0.9983971386076423,0.9819888845223117,0.0002132878318245478,0.0002132878200062988,0.9196743821106316
cmapss_fd001,full,MC-reject 30%,0.01,0.9375,0.9954189730864669,0.9249253519124128,0.00011804879615944574,0.0018777955349785229,0.8708316987053747
cmapss_fd001,full,MC-reject 30%+temp,0.01,0.9375,0.9954189730864669,0.924925351912413,0.00011262529564091424,0.00011262529475558409,0.8708316987053747
cmapss_fd001,proposed_lite,raw,0.62,0.8294797687861272,0.9928833338219056,0.8459572026682795,0.013039715972031976,0.016432632620546127,1.0
cmapss_fd001,proposed_lite,temperature (T=0.96),0.63,0.8299595141700404,0.9928833338219055,0.8459572026682796,0.0130716369236037,0.015758588897588997,1.0
cmapss_fd001,proposed_lite,isotonic,0.2,0.8299595141700404,0.9858318615092976,0.8257441860114612,0.010890455603063053,0.003938244448359266,1.0
cmapss_fd001,proposed_lite,MC-reject 10%,0.13,0.9395973154362416,0.995742408168265,0.9146464090713038,0.003997463503135553,0.0075969358825830465,0.955276579050608
cmapss_fd001,proposed_lite,MC-reject 10%+temp,0.09999999999999999,0.9395973154362416,0.9957424081682649,0.9146464090713038,0.004036600324358072,0.005028489188987234,0.955276579050608
cmapss_fd001,proposed_lite,MC-reject 20%,0.05,0.9459459459459459,0.9931514632355513,0.9473767185211995,0.0006564699862281677,0.003830947148648494,0.9170262848175755
cmapss_fd001,proposed_lite,MC-reject 20%+temp,0.01,0.9459459459459459,0.9931514632355513,0.9473767185211995,0.0006406875326878116,0.0004791125143942907,0.9170262848175755
cmapss_fd001,proposed_lite,MC-reject 30%,0.02,0.9139784946236559,0.9800735671718438,0.8960378398623087,0.0002423269730388125,0.003406164432795364,0.8663201255394273
cmapss_fd001,proposed_lite,MC-reject 30%+temp,0.01,0.9139784946236559,0.9800735671718438,0.8960378398623087,0.0002264236386259773,0.00022642362890713816,0.8663201255394273
cmapss_fd003,full,raw,0.56,0.889315419065899,0.997600782392578,0.9352283534600384,0.0073421791416339805,0.011435831276158352,1.0
cmapss_fd003,full,temperature (T=1.12),0.56,0.8910256410256411,0.9976007823925781,0.9352283534600384,0.007269664555925192,0.013360094763684001,1.0
cmapss_fd003,full,isotonic,0.16,0.889315419065899,0.9932625027077397,0.9203583508907773,0.004582673401331832,0.002126667464963417,1.0
cmapss_fd003,full,MC-reject 10%,0.06999999999999999,0.9693318729463308,0.9987430321185342,0.9801529124017536,0.0008206630791177914,0.0024491377160115236,0.9596232476635514
cmapss_fd003,full,MC-reject 10%+temp,0.09,0.9703947368421053,0.9987430321185343,0.9801529124017535,0.0008387908240821297,0.003957374849631153,0.9596232476635514
cmapss_fd003,full,MC-reject 20%,0.03,0.9776536312849162,0.9978148733482594,0.9783358514924525,0.00016391464867379448,0.0018644466060955393,0.9292494158878505
cmapss_fd003,full,MC-reject 20%+temp,0.02,0.9776536312849162,0.9978148733482594,0.9783358514924525,0.0001582362802713209,0.0007825295089082074,0.9292494158878505
cmapss_fd003,full,MC-reject 30%,0.02,0.9782608695652174,0.997082818404886,0.973719241629689,8.701370470685635e-05,0.001575431305299363,0.8841267523364486
cmapss_fd003,full,MC-reject 30%+temp,0.01,0.9782608695652174,0.997082818404886,0.9737192416296893,8.294037679431274e-05,0.0004246229834649864,0.8841267523364486
cmapss_fd003,proposed_lite,raw,0.49,0.8795712484237075,0.9940895008914712,0.9100011014332663,0.008269808841013275,0.01512597372677073,1.0
cmapss_fd003,proposed_lite,temperature (T=1.07),0.49,0.8795712484237075,0.9940895008914712,0.9100011014332663,0.008277946940315896,0.016943976275899466,1.0
cmapss_fd003,proposed_lite,isotonic,0.2,0.8840304182509505,0.9875320923233497,0.8877801411245504,0.005123524979665539,0.0025069624954833143,1.0
cmapss_fd003,proposed_lite,MC-reject 10%,0.2,0.9615384615384616,0.9940703350518713,0.944277948026916,0.0015561896751969913,0.005195848929629484,0.9599883177570093
cmapss_fd003,proposed_lite,MC-reject 10%+temp,0.92,0.9615384615384616,0.9940703350518713,0.944277948026916,0.001587332817725393,0.0065613247336299,0.9599883177570093
cmapss_fd003,proposed_lite,MC-reject 20%,0.04,0.9453781512605042,0.9900168913962856,0.9484477035785609,0.0004956207819150912,0.003427227005152573,0.9237733644859814
cmapss_fd003,proposed_lite,MC-reject 20%+temp,0.04,0.9453781512605042,0.9900168913962856,0.9484477035785607,0.0004969263332996967,0.0035429511630305226,0.9237733644859814
cmapss_fd003,proposed_lite,MC-reject 30%,0.02,0.9245283018867925,0.9856959028682077,0.914527562200095,0.0004240157012760814,0.002886074282811553,0.8823744158878505
cmapss_fd003,proposed_lite,MC-reject 30%+temp,0.01,0.9245283018867925,0.9856959028682077,0.9145275622000951,0.0004151076250561849,0.001179719669031527,0.8823744158878505
xjtu,full,raw,0.9500000000000001,0.5498458376156218,0.6605907264829374,0.4705439300683868,0.44073557786892453,0.5098791562020779,1.0
xjtu,full,temperature (T=5.00),0.64,0.5584016393442623,0.6605907264829376,0.4705439300683867,0.2853923050697312,0.35246388629078873,1.0
xjtu,full,isotonic,0.16,0.5498458376156218,0.6807501518985045,0.3431306006400868,0.2634298147629696,0.039794215932488435,1.0
xjtu,full,MC-reject 10%,0.9500000000000001,0.6009334889148191,0.6519285152720574,0.4800247472508898,0.4261084603221921,0.4987336914304277,0.8875
xjtu,full,MC-reject 10%+temp,0.65,0.5964912280701754,0.6519285152720574,0.4800247472508898,0.28274839811104097,0.3541259530564429,0.8875
xjtu,full,MC-reject 20%,0.9500000000000001,0.5874840357598978,0.6383938244853736,0.47688670798222277,0.41056924972433906,0.48465816365988235,0.8275
xjtu,full,MC-reject 20%+temp,0.65,0.5874840357598978,0.6383938244853737,0.4768867079822228,0.2794409036822911,0.3505046637756947,0.8275
xjtu,full,MC-reject 30%,0.9500000000000001,0.5547445255474452,0.6090559732664996,0.454480474588265,0.3933597957729354,0.4685352309769679,0.75125
xjtu,full,MC-reject 30%+temp,0.65,0.5547445255474452,0.6090559732664996,0.454480474588265,0.2765782710042125,0.3491505501472614,0.75125
xjtu,proposed_lite,raw,0.88,0.522466039707419,0.6421180546109132,0.4105631928105044,0.4258248158227235,0.5115636072307825,1.0
xjtu,proposed_lite,temperature (T=5.00),0.59,0.5527123848515865,0.6421180546109132,0.4105631928105044,0.2780989342906038,0.33558897733688353,1.0
xjtu,proposed_lite,isotonic,0.18000000000000002,0.5241090146750524,0.6863454580079986,0.35369420528804196,0.2535202925769562,0.022168763577938077,1.0
xjtu,proposed_lite,MC-reject 10%,0.88,0.5157232704402516,0.6171480144404331,0.4007463263308233,0.4101404862968703,0.5013096376576207,0.88
xjtu,proposed_lite,MC-reject 10%+temp,0.6,0.5183312262958281,0.6171480144404331,0.4007463263308233,0.27541947539090805,0.338656948371367,0.88
xjtu,proposed_lite,MC-reject 20%,0.88,0.45454545454545453,0.548003098060345,0.34436454651808046,0.40894603189392864,0.5103982705029713,0.785
xjtu,proposed_lite,MC-reject 20%+temp,0.6,0.4552980132450331,0.548003098060345,0.34436454651808046,0.2765736848427908,0.36153762583520005,0.785
xjtu,proposed_lite,MC-reject 30%,0.88,0.407098121085595,0.4885232179046612,0.3072667607956249,0.39451963862786393,0.5029382957821399,0.70625
xjtu,proposed_lite,MC-reject 30%+temp,0.6,0.40794979079497906,0.4885232179046612,0.3072667607956249,0.27431712325616064,0.36866786923028727,0.70625
xjtu,lstm,raw,0.9600000000000001,0.6135902636916836,0.6718085444042404,0.3326586099185125,0.34146259601172035,0.4175767908245325,1.0
xjtu,lstm,temperature (T=5.00),0.65,0.62058526740666,0.6718040101205213,0.33265656228350166,0.26429214123324907,0.3314779037237167,1.0
xjtu,lstm,isotonic,0.15000000000000002,0.6123481781376519,0.7083594054647188,0.35431985875346794,0.2593305754149764,0.01501165047287941,1.0
xjtu,tcn,raw,0.9600000000000001,0.6512820512820513,0.7188063951537574,0.6352960539603059,0.3972282689285626,0.5003558939695358,1.0
xjtu,tcn,temperature (T=5.00),0.66,0.6481481481481481,0.7188063951537575,0.6352960539603059,0.2876949354906707,0.4027362249046565,1.0
xjtu,tcn,isotonic,0.18000000000000002,0.6512820512820513,0.7496032501745699,0.4089671966283904,0.22975921958753612,0.016501938756555323,1.0
xjtu,timesnet,raw,0.76,0.6554121151936445,0.7017076112486511,0.3426183394222339,0.30908189486045545,0.36015237421263013,1.0
xjtu,timesnet,temperature (T=3.23),0.59,0.6560636182902585,0.7017076112486511,0.3426183394222339,0.24754266781973236,0.2942280975356698,1.0
xjtu,timesnet,isotonic,0.13,0.6547619047619048,0.7087901624180428,0.348619317659602,0.18174498788904125,0.15353683895431458,1.0
xjtu,patchtst,raw,0.77,0.5223880597014925,0.7060695921865223,0.34293183193409704,0.28730551810102606,0.3142473405599594,1.0
xjtu,patchtst,temperature (T=5.00),0.56,0.5223880597014925,0.7060695921865223,0.34293183193409704,0.24571308615999182,0.2897334761917591,1.0
xjtu,patchtst,isotonic,0.19,0.5128205128205128,0.7026280708436488,0.3249301284168977,0.22299013402545798,0.07284967970103026,1.0
xjtu,gradient_boosting,raw,0.93,0.6407563025210085,0.6681085688893724,0.3987728214896656,0.2411499402132028,0.2369205235130739,1.0
xjtu,gradient_boosting,temperature (T=3.91),0.66,0.6407563025210085,0.6681085688893724,0.3987728214896656,0.21392824146177125,0.2736502678759528,1.0
xjtu,gradient_boosting,isotonic,0.17,0.640083945435467,0.7260793862393558,0.428338810949614,0.20039932621440493,0.08246534630693746,1.0
