dataset,model,threshold_mode,threshold,confirm,failure_sequences,detected,early,missed,false_alarms,non_failure_sequences,detection_rate,early_rate,false_alarm_rate,mean_lead,median_lead
ur3,full,cost,0.17,1,25,25,25,0,11,11,1.0,1.0,1.0,-1.52,0.0
ur3,full,far20,0.51,1,25,25,25,0,7,11,1.0,1.0,0.6363636363636364,-1.04,0.0
ur3,full,cost,0.17,2,25,25,3,0,11,11,1.0,0.12,1.0,-0.24,1.0
ur3,full,far20,0.51,2,25,25,2,0,5,11,1.0,0.08,0.45454545454545453,1.0,1.0
ur3,full,cost,0.17,3,25,25,3,0,11,11,1.0,0.12,1.0,0.76,2.0
ur3,full,far20,0.51,3,25,25,0,0,2,11,1.0,0.0,0.18181818181818182,2.76,2.0
ur3,proposed_lite,cost,0.19,1,25,25,25,0,11,11,1.0,1.0,1.0,-1.24,0.0
ur3,proposed_lite,far20,0.45,1,25,25,25,0,9,11,1.0,1.0,0.8181818181818182,-1.16,0.0
ur3,proposed_lite,cost,0.19,2,25,25,3,0,11,11,1.0,0.12,1.0,-0.24,1.0
ur3,proposed_lite,far20,0.45,2,25,25,3,0,7,11,1.0,0.12,0.6363636363636364,0.24,1.0
ur3,proposed_lite,cost,0.19,3,25,25,3,0,11,11,1.0,0.12,1.0,0.76,2.0
ur3,proposed_lite,far20,0.45,3,25,25,2,0,6,11,1.0,0.08,0.5454545454545454,1.72,2.0
ur3,lstm,cost,0.32,1,25,25,25,0,8,11,1.0,1.0,0.7272727272727273,-1.24,0.0
ur3,lstm,far20,0.47000000000000003,1,25,25,25,0,7,11,1.0,1.0,0.6363636363636364,-1.2,0.0
ur3,lstm,cost,0.32,2,25,25,3,0,7,11,1.0,0.12,0.6363636363636364,-0.24,1.0
ur3,lstm,far20,0.47000000000000003,2,25,25,2,0,6,11,1.0,0.08,0.5454545454545454,0.72,1.0
ur3,lstm,cost,0.32,3,25,25,2,0,7,11,1.0,0.08,0.6363636363636364,1.2,2.0
ur3,lstm,far20,0.47000000000000003,3,25,25,1,0,5,11,1.0,0.04,0.45454545454545453,2.2,2.0
ur3,tcn,cost,0.38,1,25,25,25,0,11,11,1.0,1.0,1.0,-1.52,0.0
ur3,tcn,far20,0.62,1,25,25,23,0,5,11,1.0,0.92,0.45454545454545453,-1.44,0.0
ur3,tcn,cost,0.38,2,25,25,3,0,10,11,1.0,0.12,0.9090909090909091,-0.52,1.0
ur3,tcn,far20,0.62,2,25,25,1,0,3,11,1.0,0.04,0.2727272727272727,0.6,1.0
ur3,tcn,cost,0.38,3,25,25,2,0,9,11,1.0,0.08,0.8181818181818182,1.36,2.0
ur3,tcn,far20,0.62,3,25,25,1,0,3,11,1.0,0.04,0.2727272727272727,2.32,2.0
ur3,timesnet,cost,0.38,1,25,25,25,0,8,11,1.0,1.0,0.7272727272727273,-1.32,0.0
ur3,timesnet,far20,0.42000000000000004,1,25,25,25,0,8,11,1.0,1.0,0.7272727272727273,-1.32,0.0
ur3,timesnet,cost,0.38,2,25,25,2,0,8,11,1.0,0.08,0.7272727272727273,0.16,1.0
ur3,timesnet,far20,0.42000000000000004,2,25,25,2,0,8,11,1.0,0.08,0.7272727272727273,0.48,1.0
ur3,timesnet,cost,0.38,3,25,25,2,0,6,11,1.0,0.08,0.5454545454545454,1.44,2.0
ur3,timesnet,far20,0.42000000000000004,3,25,25,2,0,5,11,1.0,0.08,0.45454545454545453,1.48,2.0
cmapss_fd001,full,cost,0.39,1,25,25,20,0,3,75,1.0,0.8,0.04,-6.72,-6.0
cmapss_fd001,full,far20,0.39,1,25,25,20,0,3,75,1.0,0.8,0.04,-6.72,-6.0
cmapss_fd001,full,cost,0.39,2,25,25,19,0,2,75,1.0,0.76,0.02666666666666667,-5.36,-3.0
cmapss_fd001,full,far20,0.39,2,25,25,19,0,2,75,1.0,0.76,0.02666666666666667,-5.36,-3.0
cmapss_fd001,full,cost,0.39,3,25,24,18,1,2,75,0.96,0.72,0.02666666666666667,-4.75,-3.0
cmapss_fd001,full,far20,0.39,3,25,24,18,1,2,75,0.96,0.72,0.02666666666666667,-4.75,-3.0
cmapss_fd001,proposed_lite,cost,0.62,1,25,23,16,2,1,75,0.92,0.64,0.013333333333333334,-4.173913043478261,-2.0
cmapss_fd001,proposed_lite,far20,0.62,1,25,23,16,2,1,75,0.92,0.64,0.013333333333333334,-4.173913043478261,-2.0
cmapss_fd001,proposed_lite,cost,0.62,2,25,21,15,4,1,75,0.84,0.6,0.013333333333333334,-3.3333333333333335,-1.0
cmapss_fd001,proposed_lite,far20,0.62,2,25,21,15,4,1,75,0.84,0.6,0.013333333333333334,-3.3333333333333335,-1.0
cmapss_fd001,proposed_lite,cost,0.62,3,25,21,12,4,1,75,0.84,0.48,0.013333333333333334,-2.3333333333333335,0.0
cmapss_fd001,proposed_lite,far20,0.62,3,25,21,12,4,1,75,0.84,0.48,0.013333333333333334,-2.3333333333333335,0.0
cmapss_fd001,lstm,cost,0.72,1,25,22,15,3,1,75,0.88,0.6,0.013333333333333334,-2.272727272727273,-1.0
cmapss_fd001,lstm,far20,0.72,1,25,22,15,3,1,75,0.88,0.6,0.013333333333333334,-2.272727272727273,-1.0
cmapss_fd001,lstm,cost,0.72,2,25,22,14,3,1,75,0.88,0.56,0.013333333333333334,-0.22727272727272727,0.0
cmapss_fd001,lstm,far20,0.72,2,25,22,14,3,1,75,0.88,0.56,0.013333333333333334,-0.22727272727272727,0.0
cmapss_fd001,lstm,cost,0.72,3,25,21,8,4,1,75,0.84,0.32,0.013333333333333334,0.6666666666666666,1.0
cmapss_fd001,lstm,far20,0.72,3,25,21,8,4,1,75,0.84,0.32,0.013333333333333334,0.6666666666666666,1.0
cmapss_fd001,tcn,cost,0.48000000000000004,1,25,25,20,0,2,75,1.0,0.8,0.02666666666666667,-3.88,-4.0
cmapss_fd001,tcn,far20,0.48000000000000004,1,25,25,20,0,2,75,1.0,0.8,0.02666666666666667,-3.88,-4.0
cmapss_fd001,tcn,cost,0.48000000000000004,2,25,25,20,0,1,75,1.0,0.8,0.013333333333333334,-2.88,-3.0
cmapss_fd001,tcn,far20,0.48000000000000004,2,25,25,20,0,1,75,1.0,0.8,0.013333333333333334,-2.88,-3.0
cmapss_fd001,tcn,cost,0.48000000000000004,3,25,24,15,1,1,75,0.96,0.6,0.013333333333333334,-2.0833333333333335,-2.0
cmapss_fd001,tcn,far20,0.48000000000000004,3,25,24,15,1,1,75,0.96,0.6,0.013333333333333334,-2.0833333333333335,-2.0
cmapss_fd001,timesnet,cost,0.62,1,25,24,20,1,2,75,0.96,0.8,0.02666666666666667,-3.4166666666666665,-3.5
cmapss_fd001,timesnet,far20,0.62,1,25,24,20,1,2,75,0.96,0.8,0.02666666666666667,-3.4166666666666665,-3.5
cmapss_fd001,timesnet,cost,0.62,2,25,24,16,1,2,75,0.96,0.64,0.02666666666666667,-1.5833333333333333,-1.0
cmapss_fd001,timesnet,far20,0.62,2,25,24,16,1,2,75,0.96,0.64,0.02666666666666667,-1.5833333333333333,-1.0
cmapss_fd001,timesnet,cost,0.62,3,25,23,13,2,1,75,0.92,0.52,0.013333333333333334,-0.5652173913043478,0.0
cmapss_fd001,timesnet,far20,0.62,3,25,23,13,2,1,75,0.92,0.52,0.013333333333333334,-0.5652173913043478,0.0
cmapss_fd003,full,cost,0.56,1,20,20,18,0,3,80,1.0,0.9,0.0375,-4.45,-5.0
cmapss_fd003,full,far20,0.56,1,20,20,18,0,3,80,1.0,0.9,0.0375,-4.45,-5.0
cmapss_fd003,full,cost,0.56,2,20,20,17,0,3,80,1.0,0.85,0.0375,-3.45,-4.0
cmapss_fd003,full,far20,0.56,2,20,20,17,0,3,80,1.0,0.85,0.0375,-3.45,-4.0
cmapss_fd003,full,cost,0.56,3,20,20,13,0,2,80,1.0,0.65,0.025,-2.45,-3.0
cmapss_fd003,full,far20,0.56,3,20,20,13,0,2,80,1.0,0.65,0.025,-2.45,-3.0
cmapss_fd003,proposed_lite,cost,0.49,1,20,20,18,0,4,80,1.0,0.9,0.05,-5.2,-6.0
cmapss_fd003,proposed_lite,far20,0.49,1,20,20,18,0,4,80,1.0,0.9,0.05,-5.2,-6.0
cmapss_fd003,proposed_lite,cost,0.49,2,20,20,18,0,4,80,1.0,0.9,0.05,-4.2,-5.0
cmapss_fd003,proposed_lite,far20,0.49,2,20,20,18,0,4,80,1.0,0.9,0.05,-4.2,-5.0
cmapss_fd003,proposed_lite,cost,0.49,3,20,20,14,0,4,80,1.0,0.7,0.05,-3.2,-4.0
cmapss_fd003,proposed_lite,far20,0.49,3,20,20,14,0,4,80,1.0,0.7,0.05,-3.2,-4.0
cmapss_fd003,lstm,cost,0.48000000000000004,1,20,20,18,0,2,80,1.0,0.9,0.025,-4.75,-6.0
cmapss_fd003,lstm,far20,0.48000000000000004,1,20,20,18,0,2,80,1.0,0.9,0.025,-4.75,-6.0
cmapss_fd003,lstm,cost,0.48000000000000004,2,20,20,16,0,2,80,1.0,0.8,0.025,-3.4,-3.5
cmapss_fd003,lstm,far20,0.48000000000000004,2,20,20,16,0,2,80,1.0,0.8,0.025,-3.4,-3.5
cmapss_fd003,lstm,cost,0.48000000000000004,3,20,20,13,0,2,80,1.0,0.65,0.025,-2.4,-2.5
cmapss_fd003,lstm,far20,0.48000000000000004,3,20,20,13,0,2,80,1.0,0.65,0.025,-2.4,-2.5
cmapss_fd003,tcn,cost,0.5700000000000001,1,20,20,17,0,2,80,1.0,0.85,0.025,-3.55,-4.0
cmapss_fd003,tcn,far20,0.5700000000000001,1,20,20,17,0,2,80,1.0,0.85,0.025,-3.55,-4.0
cmapss_fd003,tcn,cost,0.5700000000000001,2,20,20,13,0,2,80,1.0,0.65,0.025,-2.55,-3.0
cmapss_fd003,tcn,far20,0.5700000000000001,2,20,20,13,0,2,80,1.0,0.65,0.025,-2.55,-3.0
cmapss_fd003,tcn,cost,0.5700000000000001,3,20,20,13,0,2,80,1.0,0.65,0.025,-1.55,-2.0
cmapss_fd003,tcn,far20,0.5700000000000001,3,20,20,13,0,2,80,1.0,0.65,0.025,-1.55,-2.0
cmapss_fd003,timesnet,cost,0.52,1,20,20,19,0,2,80,1.0,0.95,0.025,-5.55,-5.0
cmapss_fd003,timesnet,far20,0.52,1,20,20,19,0,2,80,1.0,0.95,0.025,-5.55,-5.0
cmapss_fd003,timesnet,cost,0.52,2,20,20,18,0,2,80,1.0,0.9,0.025,-4.45,-4.0
cmapss_fd003,timesnet,far20,0.52,2,20,20,18,0,2,80,1.0,0.9,0.025,-4.45,-4.0
cmapss_fd003,timesnet,cost,0.52,3,20,20,15,0,2,80,1.0,0.75,0.025,-3.25,-2.0
cmapss_fd003,timesnet,far20,0.52,3,20,20,15,0,2,80,1.0,0.75,0.025,-3.25,-2.0
xjtu,full,cost,0.9500000000000001,1,4,4,2,0,0,0,1.0,0.5,0.0,-22.0,-29.0
xjtu,full,far20,0.9500000000000001,1,4,4,2,0,0,0,1.0,0.5,0.0,-22.0,-29.0
xjtu,full,cost,0.9500000000000001,2,4,4,2,0,0,0,1.0,0.5,0.0,-21.0,-28.0
xjtu,full,far20,0.9500000000000001,2,4,4,2,0,0,0,1.0,0.5,0.0,-21.0,-28.0
xjtu,full,cost,0.9500000000000001,3,4,3,2,1,0,0,0.75,0.5,0.0,-30.333333333333332,-65.0
xjtu,full,far20,0.9500000000000001,3,4,3,2,1,0,0,0.75,0.5,0.0,-30.333333333333332,-65.0
xjtu,proposed_lite,cost,0.88,1,4,3,2,1,0,0,0.75,0.5,0.0,-29.333333333333332,-66.0
xjtu,proposed_lite,far20,0.88,1,4,3,2,1,0,0,0.75,0.5,0.0,-29.333333333333332,-66.0
xjtu,proposed_lite,cost,0.88,2,4,3,2,1,0,0,0.75,0.5,0.0,-28.333333333333332,-65.0
xjtu,proposed_lite,far20,0.88,2,4,3,2,1,0,0,0.75,0.5,0.0,-28.333333333333332,-65.0
xjtu,proposed_lite,cost,0.88,3,4,3,2,1,0,0,0.75,0.5,0.0,-27.333333333333332,-64.0
xjtu,proposed_lite,far20,0.88,3,4,3,2,1,0,0,0.75,0.5,0.0,-27.333333333333332,-64.0
xjtu,lstm,cost,0.9600000000000001,1,4,4,2,0,0,0,1.0,0.5,0.0,-25.25,-33.0
xjtu,lstm,far20,0.9600000000000001,1,4,4,2,0,0,0,1.0,0.5,0.0,-25.25,-33.0
xjtu,lstm,cost,0.9600000000000001,2,4,4,2,0,0,0,1.0,0.5,0.0,-24.25,-32.0
xjtu,lstm,far20,0.9600000000000001,2,4,4,2,0,0,0,1.0,0.5,0.0,-24.25,-32.0
xjtu,lstm,cost,0.9600000000000001,3,4,4,2,0,0,0,1.0,0.5,0.0,-23.25,-31.0
xjtu,lstm,far20,0.9600000000000001,3,4,4,2,0,0,0,1.0,0.5,0.0,-23.25,-31.0
xjtu,tcn,cost,0.9600000000000001,1,4,4,2,0,0,0,1.0,0.5,0.0,-22.5,-34.0
xjtu,tcn,far20,0.9600000000000001,1,4,4,2,0,0,0,1.0,0.5,0.0,-22.5,-34.0
xjtu,tcn,cost,0.9600000000000001,2,4,4,2,0,0,0,1.0,0.5,0.0,-21.5,-33.0
xjtu,tcn,far20,0.9600000000000001,2,4,4,2,0,0,0,1.0,0.5,0.0,-21.5,-33.0
xjtu,tcn,cost,0.9600000000000001,3,4,4,2,0,0,0,1.0,0.5,0.0,-20.5,-32.0
xjtu,tcn,far20,0.9600000000000001,3,4,4,2,0,0,0,1.0,0.5,0.0,-20.5,-32.0
xjtu,timesnet,cost,0.76,1,4,4,3,0,0,0,1.0,0.75,0.0,-43.0,-37.5
xjtu,timesnet,far20,0.76,1,4,4,3,0,0,0,1.0,0.75,0.0,-43.0,-37.5
xjtu,timesnet,cost,0.76,2,4,4,3,0,0,0,1.0,0.75,0.0,-42.0,-36.5
xjtu,timesnet,far20,0.76,2,4,4,3,0,0,0,1.0,0.75,0.0,-42.0,-36.5
xjtu,timesnet,cost,0.76,3,4,4,3,0,0,0,1.0,0.75,0.0,-41.0,-35.5
xjtu,timesnet,far20,0.76,3,4,4,3,0,0,0,1.0,0.75,0.0,-41.0,-35.5
xjtu,patchtst,cost,0.77,1,4,4,3,0,0,0,1.0,0.75,0.0,-37.0,-36.0
xjtu,patchtst,far20,0.77,1,4,4,3,0,0,0,1.0,0.75,0.0,-37.0,-36.0
xjtu,patchtst,cost,0.77,2,4,4,2,0,0,0,1.0,0.5,0.0,-33.5,-34.0
xjtu,patchtst,far20,0.77,2,4,4,2,0,0,0,1.0,0.5,0.0,-33.5,-34.0
xjtu,patchtst,cost,0.77,3,4,4,2,0,0,0,1.0,0.5,0.0,-31.75,-33.0
xjtu,patchtst,far20,0.77,3,4,4,2,0,0,0,1.0,0.5,0.0,-31.75,-33.0
xjtu,gradient_boosting,cost,0.93,1,4,4,3,0,0,0,1.0,0.75,0.0,-18.5,-34.0
xjtu,gradient_boosting,far20,0.93,1,4,4,3,0,0,0,1.0,0.75,0.0,-18.5,-34.0
xjtu,gradient_boosting,cost,0.93,2,4,4,3,0,0,0,1.0,0.75,0.0,-17.5,-33.0
xjtu,gradient_boosting,far20,0.93,2,4,4,3,0,0,0,1.0,0.75,0.0,-17.5,-33.0
xjtu,gradient_boosting,cost,0.93,3,4,4,3,0,0,0,1.0,0.75,0.0,-16.5,-32.0
xjtu,gradient_boosting,far20,0.93,3,4,4,3,0,0,0,1.0,0.75,0.0,-16.5,-32.0
