dataset,seed,model,confirm_windows,threshold,positive_units,negative_units,on_time_rate,premature_rate,missed_rate,false_alert_rate,median_detection_delay
cmapss_fd001,1,full,1,0.33,25,75,0.28,0.72,0.0,0.02666666666666667,2.0
cmapss_fd001,1,full,2,0.33,25,75,0.32,0.64,0.04,0.02666666666666667,2.0
cmapss_fd001,1,full,3,0.33,25,75,0.36,0.6,0.04,0.013333333333333334,2.0
cmapss_fd001,1,proposed_lite,1,0.5700000000000001,25,75,0.24,0.64,0.12,0.02666666666666667,5.5
cmapss_fd001,1,proposed_lite,2,0.5700000000000001,25,75,0.28,0.56,0.16,0.02666666666666667,6.0
cmapss_fd001,1,proposed_lite,3,0.5700000000000001,25,75,0.32,0.52,0.16,0.02666666666666667,5.0
cmapss_fd001,1,lstm,1,0.18000000000000002,25,75,0.2,0.8,0.0,0.013333333333333334,2.0
cmapss_fd001,1,lstm,2,0.18000000000000002,25,75,0.28,0.72,0.0,0.013333333333333334,1.0
cmapss_fd001,1,lstm,3,0.18000000000000002,25,75,0.32,0.68,0.0,0.013333333333333334,2.0
cmapss_fd001,1,tcn,1,0.2,25,75,0.32,0.68,0.0,0.05333333333333334,2.0
cmapss_fd001,1,tcn,2,0.2,25,75,0.36,0.64,0.0,0.04,3.0
cmapss_fd001,1,tcn,3,0.2,25,75,0.48,0.52,0.0,0.04,2.5
cmapss_fd001,1,timesnet,1,0.34,25,75,0.2,0.8,0.0,0.04,3.0
cmapss_fd001,1,timesnet,2,0.34,25,75,0.28,0.72,0.0,0.02666666666666667,2.0
cmapss_fd001,1,timesnet,3,0.34,25,75,0.36,0.6,0.04,0.02666666666666667,3.0
cmapss_fd001,2,full,1,0.52,25,75,0.2,0.8,0.0,0.04,2.0
cmapss_fd001,2,full,2,0.52,25,75,0.24,0.76,0.0,0.02666666666666667,3.0
cmapss_fd001,2,full,3,0.52,25,75,0.28,0.72,0.0,0.013333333333333334,4.0
cmapss_fd001,2,proposed_lite,1,0.46,25,75,0.24,0.72,0.04,0.02666666666666667,4.5
cmapss_fd001,2,proposed_lite,2,0.46,25,75,0.24,0.72,0.04,0.02666666666666667,5.5
cmapss_fd001,2,proposed_lite,3,0.46,25,75,0.36,0.52,0.12,0.02666666666666667,3.0
cmapss_fd001,2,lstm,1,0.54,25,75,0.12,0.8,0.08,0.02666666666666667,2.0
cmapss_fd001,2,lstm,2,0.54,25,75,0.16,0.76,0.08,0.02666666666666667,2.0
cmapss_fd001,2,lstm,3,0.54,25,75,0.28,0.64,0.08,0.02666666666666667,2.0
cmapss_fd001,2,tcn,1,0.49,25,75,0.32,0.68,0.0,0.04,1.5
cmapss_fd001,2,tcn,2,0.49,25,75,0.36,0.64,0.0,0.04,2.0
cmapss_fd001,2,tcn,3,0.49,25,75,0.44,0.52,0.04,0.02666666666666667,3.0
cmapss_fd001,2,timesnet,1,0.26,25,75,0.16,0.84,0.0,0.04,2.5
cmapss_fd001,2,timesnet,2,0.26,25,75,0.24,0.76,0.0,0.02666666666666667,2.5
cmapss_fd001,2,timesnet,3,0.26,25,75,0.28,0.72,0.0,0.02666666666666667,2.0
cmapss_fd001,3,full,1,0.52,25,75,0.2,0.8,0.0,0.04,2.0
cmapss_fd001,3,full,2,0.52,25,75,0.32,0.68,0.0,0.02666666666666667,1.0
cmapss_fd001,3,full,3,0.52,25,75,0.36,0.64,0.0,0.02666666666666667,2.0
cmapss_fd001,3,proposed_lite,1,0.74,25,75,0.28,0.72,0.0,0.04,2.0
cmapss_fd001,3,proposed_lite,2,0.74,25,75,0.32,0.68,0.0,0.02666666666666667,2.5
cmapss_fd001,3,proposed_lite,3,0.74,25,75,0.4,0.6,0.0,0.02666666666666667,3.0
cmapss_fd001,3,lstm,1,0.67,25,75,0.28,0.68,0.04,0.05333333333333334,2.0
cmapss_fd001,3,lstm,2,0.67,25,75,0.24,0.68,0.08,0.04,4.0
cmapss_fd001,3,lstm,3,0.67,25,75,0.32,0.6,0.08,0.02666666666666667,4.0
cmapss_fd001,3,tcn,1,0.6,25,75,0.32,0.68,0.0,0.013333333333333334,2.5
cmapss_fd001,3,tcn,2,0.6,25,75,0.48,0.48,0.04,0.013333333333333334,2.5
cmapss_fd001,3,tcn,3,0.6,25,75,0.48,0.44,0.08,0.013333333333333334,2.5
cmapss_fd001,3,timesnet,1,0.3,25,75,0.16,0.84,0.0,0.02666666666666667,6.0
cmapss_fd001,3,timesnet,2,0.3,25,75,0.32,0.68,0.0,0.02666666666666667,2.5
cmapss_fd001,3,timesnet,3,0.3,25,75,0.52,0.48,0.0,0.02666666666666667,2.0
cmapss_fd001,4,full,1,0.43,25,75,0.28,0.68,0.04,0.013333333333333334,2.0
cmapss_fd001,4,full,2,0.43,25,75,0.36,0.6,0.04,0.013333333333333334,3.0
cmapss_fd001,4,full,3,0.43,25,75,0.4,0.56,0.04,0.013333333333333334,4.0
cmapss_fd001,4,proposed_lite,1,0.5800000000000001,25,75,0.32,0.68,0.0,0.02666666666666667,3.0
cmapss_fd001,4,proposed_lite,2,0.5800000000000001,25,75,0.36,0.52,0.12,0.02666666666666667,4.0
cmapss_fd001,4,proposed_lite,3,0.5800000000000001,25,75,0.32,0.52,0.16,0.02666666666666667,5.0
cmapss_fd001,4,lstm,1,0.51,25,75,0.16,0.84,0.0,0.04,3.5
cmapss_fd001,4,lstm,2,0.51,25,75,0.24,0.68,0.08,0.04,2.0
cmapss_fd001,4,lstm,3,0.51,25,75,0.4,0.52,0.08,0.04,1.0
cmapss_fd001,4,tcn,1,0.53,25,75,0.28,0.68,0.04,0.013333333333333334,2.0
cmapss_fd001,4,tcn,2,0.53,25,75,0.36,0.56,0.08,0.013333333333333334,1.0
cmapss_fd001,4,tcn,3,0.53,25,75,0.48,0.44,0.08,0.013333333333333334,1.5
cmapss_fd001,4,timesnet,1,0.73,25,75,0.28,0.72,0.0,0.02666666666666667,2.0
cmapss_fd001,4,timesnet,2,0.73,25,75,0.32,0.64,0.04,0.02666666666666667,2.5
cmapss_fd001,4,timesnet,3,0.73,25,75,0.44,0.52,0.04,0.02666666666666667,2.0
cmapss_fd001,5,full,1,0.5,25,75,0.2,0.76,0.04,0.04,2.0
cmapss_fd001,5,full,2,0.5,25,75,0.24,0.72,0.04,0.04,2.0
cmapss_fd001,5,full,3,0.5,25,75,0.32,0.6,0.08,0.04,1.5
cmapss_fd001,5,proposed_lite,1,0.31,25,75,0.2,0.8,0.0,0.04,3.0
cmapss_fd001,5,proposed_lite,2,0.31,25,75,0.24,0.76,0.0,0.04,4.0
cmapss_fd001,5,proposed_lite,3,0.31,25,75,0.2,0.76,0.04,0.04,5.0
cmapss_fd001,5,lstm,1,0.7100000000000001,25,75,0.52,0.44,0.04,0.013333333333333334,3.0
cmapss_fd001,5,lstm,2,0.7100000000000001,25,75,0.64,0.28,0.08,0.013333333333333334,4.0
cmapss_fd001,5,lstm,3,0.7100000000000001,25,75,0.52,0.28,0.2,0.013333333333333334,2.0
cmapss_fd001,5,tcn,1,0.47000000000000003,25,75,0.32,0.64,0.04,0.02666666666666667,4.0
cmapss_fd001,5,tcn,2,0.47000000000000003,25,75,0.32,0.6,0.08,0.02666666666666667,5.0
cmapss_fd001,5,tcn,3,0.47000000000000003,25,75,0.4,0.52,0.08,0.02666666666666667,6.0
cmapss_fd001,5,timesnet,1,0.61,25,75,0.32,0.64,0.04,0.02666666666666667,3.0
cmapss_fd001,5,timesnet,2,0.61,25,75,0.44,0.52,0.04,0.013333333333333334,1.0
cmapss_fd001,5,timesnet,3,0.61,25,75,0.52,0.4,0.08,0.013333333333333334,2.0
cmapss_fd003,1,full,1,0.64,20,80,0.1,0.9,0.0,0.075,3.0
cmapss_fd003,1,full,2,0.64,20,80,0.2,0.8,0.0,0.0625,1.5
cmapss_fd003,1,full,3,0.64,20,80,0.25,0.75,0.0,0.025,1.0
cmapss_fd003,1,proposed_lite,1,0.55,20,80,0.15,0.85,0.0,0.05,3.0
cmapss_fd003,1,proposed_lite,2,0.55,20,80,0.25,0.75,0.0,0.0375,3.0
cmapss_fd003,1,proposed_lite,3,0.55,20,80,0.3,0.7,0.0,0.0375,2.5
cmapss_fd003,1,lstm,1,0.47000000000000003,20,80,0.15,0.85,0.0,0.025,2.0
cmapss_fd003,1,lstm,2,0.47000000000000003,20,80,0.3,0.7,0.0,0.025,0.5
cmapss_fd003,1,lstm,3,0.47000000000000003,20,80,0.4,0.6,0.0,0.025,1.0
cmapss_fd003,1,tcn,1,0.61,20,80,0.5,0.5,0.0,0.025,1.5
cmapss_fd003,1,tcn,2,0.61,20,80,0.55,0.45,0.0,0.0125,2.0
cmapss_fd003,1,tcn,3,0.61,20,80,0.55,0.4,0.05,0.0125,3.0
cmapss_fd003,1,timesnet,1,0.28,20,80,0.05,0.95,0.0,0.0625,2.0
cmapss_fd003,1,timesnet,2,0.28,20,80,0.1,0.9,0.0,0.0375,1.5
cmapss_fd003,1,timesnet,3,0.28,20,80,0.3,0.7,0.0,0.0375,0.5
cmapss_fd003,2,full,1,0.22,20,80,0.05,0.95,0.0,0.05,8.0
cmapss_fd003,2,full,2,0.22,20,80,0.15,0.85,0.0,0.05,0.0
cmapss_fd003,2,full,3,0.22,20,80,0.2,0.8,0.0,0.05,1.0
cmapss_fd003,2,proposed_lite,1,0.38,20,80,0.25,0.75,0.0,0.0875,3.0
cmapss_fd003,2,proposed_lite,2,0.38,20,80,0.3,0.7,0.0,0.0875,4.0
cmapss_fd003,2,proposed_lite,3,0.38,20,80,0.4,0.6,0.0,0.05,3.5
cmapss_fd003,2,lstm,1,0.46,20,80,0.1,0.9,0.0,0.025,1.5
cmapss_fd003,2,lstm,2,0.46,20,80,0.25,0.75,0.0,0.025,0.0
cmapss_fd003,2,lstm,3,0.46,20,80,0.4,0.6,0.0,0.025,1.0
cmapss_fd003,2,tcn,1,0.73,20,80,0.3,0.7,0.0,0.025,3.0
cmapss_fd003,2,tcn,2,0.73,20,80,0.35,0.65,0.0,0.025,3.0
cmapss_fd003,2,tcn,3,0.73,20,80,0.45,0.55,0.0,0.0125,3.0
cmapss_fd003,2,timesnet,1,0.38,20,80,0.1,0.9,0.0,0.025,1.0
cmapss_fd003,2,timesnet,2,0.38,20,80,0.1,0.9,0.0,0.025,2.0
cmapss_fd003,2,timesnet,3,0.38,20,80,0.2,0.8,0.0,0.025,1.0
cmapss_fd003,3,full,1,0.77,20,80,0.2,0.8,0.0,0.025,2.0
cmapss_fd003,3,full,2,0.77,20,80,0.2,0.8,0.0,0.025,3.0
cmapss_fd003,3,full,3,0.77,20,80,0.35,0.65,0.0,0.025,2.0
cmapss_fd003,3,proposed_lite,1,0.34,20,80,0.25,0.75,0.0,0.075,1.0
cmapss_fd003,3,proposed_lite,2,0.34,20,80,0.35,0.65,0.0,0.0625,1.0
cmapss_fd003,3,proposed_lite,3,0.34,20,80,0.4,0.6,0.0,0.0625,2.0
cmapss_fd003,3,lstm,1,0.38,20,80,0.2,0.8,0.0,0.05,1.0
cmapss_fd003,3,lstm,2,0.38,20,80,0.3,0.7,0.0,0.05,1.5
cmapss_fd003,3,lstm,3,0.38,20,80,0.4,0.6,0.0,0.0375,1.5
cmapss_fd003,3,tcn,1,0.72,20,80,0.3,0.7,0.0,0.025,2.0
cmapss_fd003,3,tcn,2,0.72,20,80,0.3,0.7,0.0,0.025,3.0
cmapss_fd003,3,tcn,3,0.72,20,80,0.35,0.65,0.0,0.025,3.0
cmapss_fd003,3,timesnet,1,0.73,20,80,0.15,0.85,0.0,0.0375,1.0
cmapss_fd003,3,timesnet,2,0.73,20,80,0.2,0.8,0.0,0.025,2.0
cmapss_fd003,3,timesnet,3,0.73,20,80,0.35,0.65,0.0,0.025,2.0
cmapss_fd003,4,full,1,0.47000000000000003,20,80,0.3,0.7,0.0,0.0375,1.0
cmapss_fd003,4,full,2,0.47000000000000003,20,80,0.35,0.65,0.0,0.0375,2.0
cmapss_fd003,4,full,3,0.47000000000000003,20,80,0.45,0.55,0.0,0.0375,2.0
cmapss_fd003,4,proposed_lite,1,0.45,20,80,0.1,0.9,0.0,0.0625,3.5
cmapss_fd003,4,proposed_lite,2,0.45,20,80,0.2,0.8,0.0,0.05,2.5
cmapss_fd003,4,proposed_lite,3,0.45,20,80,0.3,0.7,0.0,0.05,1.5
cmapss_fd003,4,lstm,1,0.49,20,80,0.3,0.7,0.0,0.0625,1.0
cmapss_fd003,4,lstm,2,0.49,20,80,0.35,0.65,0.0,0.0625,1.0
cmapss_fd003,4,lstm,3,0.49,20,80,0.4,0.6,0.0,0.05,2.0
cmapss_fd003,4,tcn,1,0.54,20,80,0.15,0.85,0.0,0.0375,3.0
cmapss_fd003,4,tcn,2,0.54,20,80,0.2,0.8,0.0,0.0375,4.0
cmapss_fd003,4,tcn,3,0.54,20,80,0.25,0.75,0.0,0.025,5.0
cmapss_fd003,4,timesnet,1,0.53,20,80,0.15,0.85,0.0,0.025,1.0
cmapss_fd003,4,timesnet,2,0.53,20,80,0.2,0.8,0.0,0.025,2.0
cmapss_fd003,4,timesnet,3,0.53,20,80,0.35,0.65,0.0,0.025,1.0
cmapss_fd003,5,full,1,0.35000000000000003,20,80,0.2,0.8,0.0,0.05,2.0
cmapss_fd003,5,full,2,0.35000000000000003,20,80,0.2,0.8,0.0,0.05,3.0
cmapss_fd003,5,full,3,0.35000000000000003,20,80,0.4,0.6,0.0,0.05,1.5
cmapss_fd003,5,proposed_lite,1,0.37,20,80,0.1,0.9,0.0,0.0875,7.0
cmapss_fd003,5,proposed_lite,2,0.37,20,80,0.15,0.85,0.0,0.0875,5.0
cmapss_fd003,5,proposed_lite,3,0.37,20,80,0.35,0.65,0.0,0.0875,0.0
cmapss_fd003,5,lstm,1,0.74,20,80,0.2,0.8,0.0,0.025,2.5
cmapss_fd003,5,lstm,2,0.74,20,80,0.35,0.65,0.0,0.025,1.0
cmapss_fd003,5,lstm,3,0.74,20,80,0.5,0.5,0.0,0.025,1.0
cmapss_fd003,5,tcn,1,0.5700000000000001,20,80,0.35,0.65,0.0,0.025,2.0
cmapss_fd003,5,tcn,2,0.5700000000000001,20,80,0.35,0.65,0.0,0.025,3.0
cmapss_fd003,5,tcn,3,0.5700000000000001,20,80,0.35,0.65,0.0,0.025,4.0
cmapss_fd003,5,timesnet,1,0.74,20,80,0.25,0.75,0.0,0.025,1.0
cmapss_fd003,5,timesnet,2,0.74,20,80,0.35,0.65,0.0,0.025,2.0
cmapss_fd003,5,timesnet,3,0.74,20,80,0.45,0.55,0.0,0.025,2.0
xjtu,1,full,1,0.88,4,0,0.5,0.5,0.0,,36.0
xjtu,1,full,2,0.88,4,0,0.5,0.5,0.0,,37.0
xjtu,1,full,3,0.88,4,0,0.5,0.5,0.0,,38.0
xjtu,1,proposed_lite,1,0.72,4,0,0.5,0.5,0.0,,33.0
xjtu,1,proposed_lite,2,0.72,4,0,0.5,0.5,0.0,,34.0
xjtu,1,proposed_lite,3,0.72,4,0,0.5,0.5,0.0,,35.0
xjtu,1,lstm,1,0.9,4,0,0.5,0.5,0.0,,29.5
xjtu,1,lstm,2,0.9,4,0,0.5,0.5,0.0,,30.5
xjtu,1,lstm,3,0.9,4,0,0.5,0.5,0.0,,31.5
xjtu,1,tcn,1,0.81,4,0,0.25,0.75,0.0,,48.0
xjtu,1,tcn,2,0.81,4,0,0.5,0.5,0.0,,24.5
xjtu,1,tcn,3,0.81,4,0,0.5,0.5,0.0,,25.5
xjtu,1,timesnet,1,0.66,4,0,0.25,0.75,0.0,,45.0
xjtu,1,timesnet,2,0.66,4,0,0.25,0.75,0.0,,46.0
xjtu,1,timesnet,3,0.66,4,0,0.25,0.75,0.0,,47.0
xjtu,2,full,1,0.85,4,0,0.5,0.5,0.0,,36.5
xjtu,2,full,2,0.85,4,0,0.5,0.5,0.0,,38.5
xjtu,2,full,3,0.85,4,0,0.25,0.5,0.25,,68.0
xjtu,2,proposed_lite,1,0.76,4,0,0.5,0.5,0.0,,35.5
xjtu,2,proposed_lite,2,0.76,4,0,0.5,0.5,0.0,,36.5
xjtu,2,proposed_lite,3,0.76,4,0,0.25,0.5,0.25,,64.0
xjtu,2,lstm,1,0.9,4,0,0.25,0.25,0.5,,72.0
xjtu,2,lstm,2,0.9,4,0,0.25,0.25,0.5,,73.0
xjtu,2,lstm,3,0.9,4,0,0.0,0.25,0.75,,
xjtu,2,tcn,1,0.060000000000000005,4,0,0.0,1.0,0.0,,
xjtu,2,tcn,2,0.060000000000000005,4,0,0.0,1.0,0.0,,
xjtu,2,tcn,3,0.060000000000000005,4,0,0.0,1.0,0.0,,
xjtu,2,timesnet,1,0.5,4,0,0.25,0.75,0.0,,45.0
xjtu,2,timesnet,2,0.5,4,0,0.25,0.75,0.0,,46.0
xjtu,2,timesnet,3,0.5,4,0,0.25,0.75,0.0,,47.0
xjtu,3,full,1,0.88,4,0,0.5,0.5,0.0,,34.5
xjtu,3,full,2,0.88,4,0,0.5,0.5,0.0,,35.5
xjtu,3,full,3,0.88,4,0,0.25,0.5,0.25,,62.0
xjtu,3,proposed_lite,1,0.77,4,0,0.5,0.5,0.0,,35.0
xjtu,3,proposed_lite,2,0.77,4,0,0.5,0.5,0.0,,36.0
xjtu,3,proposed_lite,3,0.77,4,0,0.25,0.5,0.25,,63.0
xjtu,3,lstm,1,0.86,4,0,0.5,0.5,0.0,,29.0
xjtu,3,lstm,2,0.86,4,0,0.5,0.5,0.0,,30.0
xjtu,3,lstm,3,0.86,4,0,0.5,0.5,0.0,,31.0
xjtu,3,tcn,1,0.93,4,0,0.5,0.5,0.0,,27.5
xjtu,3,tcn,2,0.93,4,0,0.5,0.5,0.0,,28.5
xjtu,3,tcn,3,0.93,4,0,0.5,0.5,0.0,,29.5
xjtu,3,timesnet,1,0.48000000000000004,4,0,0.25,0.75,0.0,,45.0
xjtu,3,timesnet,2,0.48000000000000004,4,0,0.25,0.75,0.0,,46.0
xjtu,3,timesnet,3,0.48000000000000004,4,0,0.25,0.75,0.0,,47.0
xjtu,4,full,1,0.85,4,0,0.5,0.5,0.0,,31.0
xjtu,4,full,2,0.85,4,0,0.5,0.5,0.0,,32.0
xjtu,4,full,3,0.85,4,0,0.5,0.5,0.0,,33.0
xjtu,4,proposed_lite,1,0.8,4,0,0.5,0.5,0.0,,31.0
xjtu,4,proposed_lite,2,0.8,4,0,0.5,0.5,0.0,,33.0
xjtu,4,proposed_lite,3,0.8,4,0,0.5,0.5,0.0,,34.0
xjtu,4,lstm,1,0.91,4,0,0.25,0.75,0.0,,55.0
xjtu,4,lstm,2,0.91,4,0,0.5,0.5,0.0,,30.5
xjtu,4,lstm,3,0.91,4,0,0.5,0.5,0.0,,31.5
xjtu,4,tcn,1,0.91,4,0,0.5,0.5,0.0,,24.5
xjtu,4,tcn,2,0.91,4,0,0.5,0.5,0.0,,25.5
xjtu,4,tcn,3,0.91,4,0,0.5,0.5,0.0,,26.5
xjtu,4,timesnet,1,0.5,4,0,0.25,0.75,0.0,,45.0
xjtu,4,timesnet,2,0.5,4,0,0.25,0.75,0.0,,46.0
xjtu,4,timesnet,3,0.5,4,0,0.25,0.75,0.0,,47.0
xjtu,5,full,1,0.8400000000000001,4,0,0.5,0.5,0.0,,35.5
xjtu,5,full,2,0.8400000000000001,4,0,0.5,0.5,0.0,,36.5
xjtu,5,full,3,0.8400000000000001,4,0,0.25,0.5,0.25,,64.0
xjtu,5,proposed_lite,1,0.76,4,0,0.5,0.5,0.0,,37.5
xjtu,5,proposed_lite,2,0.76,4,0,0.5,0.5,0.0,,38.5
xjtu,5,proposed_lite,3,0.76,4,0,0.5,0.5,0.0,,39.5
xjtu,5,lstm,1,0.88,4,0,0.5,0.5,0.0,,29.5
xjtu,5,lstm,2,0.88,4,0,0.5,0.5,0.0,,30.5
xjtu,5,lstm,3,0.88,4,0,0.5,0.5,0.0,,31.5
xjtu,5,tcn,1,0.98,4,0,0.25,0.75,0.0,,46.0
xjtu,5,tcn,2,0.98,4,0,0.25,0.75,0.0,,47.0
xjtu,5,tcn,3,0.98,4,0,0.5,0.5,0.0,,24.0
xjtu,5,timesnet,1,0.49,4,0,0.25,0.75,0.0,,45.0
xjtu,5,timesnet,2,0.49,4,0,0.25,0.75,0.0,,46.0
xjtu,5,timesnet,3,0.49,4,0,0.25,0.75,0.0,,47.0
ur3,1,full,1,0.27,25,11,0.88,0.12,0.0,0.8181818181818182,0.0
ur3,1,full,2,0.27,25,11,0.88,0.12,0.0,0.8181818181818182,1.0
ur3,1,full,3,0.27,25,11,0.88,0.12,0.0,0.7272727272727273,2.0
ur3,1,proposed_lite,1,0.14,25,11,0.88,0.12,0.0,1.0,0.0
ur3,1,proposed_lite,2,0.14,25,11,0.88,0.12,0.0,1.0,1.0
ur3,1,proposed_lite,3,0.14,25,11,0.88,0.12,0.0,0.9090909090909091,2.0
ur3,1,lstm,1,0.15000000000000002,25,11,0.88,0.12,0.0,0.7272727272727273,0.0
ur3,1,lstm,2,0.15000000000000002,25,11,0.88,0.12,0.0,0.7272727272727273,1.0
ur3,1,lstm,3,0.15000000000000002,25,11,0.92,0.08,0.0,0.6363636363636364,2.0
ur3,1,tcn,1,0.24000000000000002,25,11,0.88,0.12,0.0,0.8181818181818182,0.0
ur3,1,tcn,2,0.24000000000000002,25,11,0.92,0.08,0.0,0.8181818181818182,1.0
ur3,1,tcn,3,0.24000000000000002,25,11,0.92,0.08,0.0,0.7272727272727273,2.0
ur3,1,timesnet,1,0.27,25,11,0.88,0.12,0.0,0.7272727272727273,0.0
ur3,1,timesnet,2,0.27,25,11,0.88,0.12,0.0,0.7272727272727273,1.0
ur3,1,timesnet,3,0.27,25,11,0.92,0.04,0.04,0.36363636363636365,2.0
ur3,2,full,1,0.17,25,11,0.88,0.12,0.0,1.0,0.0
ur3,2,full,2,0.17,25,11,0.88,0.12,0.0,0.9090909090909091,1.0
ur3,2,full,3,0.17,25,11,0.92,0.08,0.0,0.6363636363636364,2.0
ur3,2,proposed_lite,1,0.08,25,11,0.88,0.12,0.0,0.9090909090909091,0.0
ur3,2,proposed_lite,2,0.08,25,11,0.88,0.12,0.0,0.9090909090909091,1.0
ur3,2,proposed_lite,3,0.08,25,11,0.88,0.12,0.0,0.7272727272727273,2.0
ur3,2,lstm,1,0.27,25,11,0.88,0.12,0.0,0.6363636363636364,0.0
ur3,2,lstm,2,0.27,25,11,0.88,0.12,0.0,0.6363636363636364,1.0
ur3,2,lstm,3,0.27,25,11,0.92,0.08,0.0,0.6363636363636364,2.0
ur3,2,tcn,1,0.25,25,11,0.88,0.12,0.0,1.0,0.0
ur3,2,tcn,2,0.25,25,11,0.88,0.12,0.0,0.8181818181818182,1.0
ur3,2,tcn,3,0.25,25,11,0.92,0.08,0.0,0.7272727272727273,2.0
ur3,2,timesnet,1,0.39,25,11,0.88,0.12,0.0,0.5454545454545454,0.0
ur3,2,timesnet,2,0.39,25,11,0.92,0.08,0.0,0.45454545454545453,1.0
ur3,2,timesnet,3,0.39,25,11,0.92,0.08,0.0,0.2727272727272727,2.0
ur3,3,full,1,0.09999999999999999,25,11,0.88,0.12,0.0,1.0,0.0
ur3,3,full,2,0.09999999999999999,25,11,0.88,0.12,0.0,1.0,1.0
ur3,3,full,3,0.09999999999999999,25,11,0.88,0.12,0.0,0.8181818181818182,2.0
ur3,3,proposed_lite,1,0.17,25,11,0.88,0.12,0.0,1.0,0.0
ur3,3,proposed_lite,2,0.17,25,11,0.88,0.12,0.0,0.8181818181818182,1.0
ur3,3,proposed_lite,3,0.17,25,11,0.88,0.12,0.0,0.8181818181818182,2.0
ur3,3,lstm,1,0.21000000000000002,25,11,0.88,0.12,0.0,0.7272727272727273,0.0
ur3,3,lstm,2,0.21000000000000002,25,11,0.88,0.12,0.0,0.6363636363636364,1.0
ur3,3,lstm,3,0.21000000000000002,25,11,0.88,0.12,0.0,0.6363636363636364,2.0
ur3,3,tcn,1,0.06999999999999999,25,11,0.88,0.12,0.0,1.0,0.0
ur3,3,tcn,2,0.06999999999999999,25,11,0.92,0.08,0.0,0.9090909090909091,1.0
ur3,3,tcn,3,0.06999999999999999,25,11,0.92,0.08,0.0,0.8181818181818182,2.0
ur3,3,timesnet,1,0.29000000000000004,25,11,0.88,0.12,0.0,0.8181818181818182,0.0
ur3,3,timesnet,2,0.29000000000000004,25,11,0.92,0.08,0.0,0.6363636363636364,1.0
ur3,3,timesnet,3,0.29000000000000004,25,11,0.92,0.08,0.0,0.6363636363636364,2.0
ur3,4,full,1,0.23,25,11,0.88,0.12,0.0,1.0,0.0
ur3,4,full,2,0.23,25,11,0.88,0.12,0.0,1.0,1.0
ur3,4,full,3,0.23,25,11,0.88,0.12,0.0,1.0,2.0
ur3,4,proposed_lite,1,0.01,25,11,0.88,0.12,0.0,1.0,0.0
ur3,4,proposed_lite,2,0.01,25,11,0.88,0.12,0.0,1.0,1.0
ur3,4,proposed_lite,3,0.01,25,11,0.88,0.12,0.0,1.0,2.0
ur3,4,lstm,1,0.27,25,11,0.88,0.12,0.0,0.5454545454545454,0.0
ur3,4,lstm,2,0.27,25,11,0.92,0.08,0.0,0.5454545454545454,1.0
ur3,4,lstm,3,0.27,25,11,0.96,0.04,0.0,0.45454545454545453,2.0
ur3,4,tcn,1,0.26,25,11,0.88,0.12,0.0,1.0,0.0
ur3,4,tcn,2,0.26,25,11,0.88,0.12,0.0,1.0,1.0
ur3,4,tcn,3,0.26,25,11,0.88,0.12,0.0,1.0,2.0
ur3,4,timesnet,1,0.11,25,11,0.88,0.12,0.0,1.0,0.0
ur3,4,timesnet,2,0.11,25,11,0.88,0.12,0.0,0.7272727272727273,1.0
ur3,4,timesnet,3,0.11,25,11,0.92,0.08,0.0,0.7272727272727273,2.0
ur3,5,full,1,0.7100000000000001,25,11,0.88,0.12,0.0,0.45454545454545453,0.0
ur3,5,full,2,0.7100000000000001,25,11,0.92,0.08,0.0,0.2727272727272727,1.0
ur3,5,full,3,0.7100000000000001,25,11,0.92,0.08,0.0,0.2727272727272727,2.0
ur3,5,proposed_lite,1,0.32,25,11,0.88,0.12,0.0,1.0,0.0
ur3,5,proposed_lite,2,0.32,25,11,0.88,0.12,0.0,1.0,1.0
ur3,5,proposed_lite,3,0.32,25,11,0.88,0.12,0.0,0.9090909090909091,2.0
ur3,5,lstm,1,0.33,25,11,0.88,0.12,0.0,0.5454545454545454,0.0
ur3,5,lstm,2,0.33,25,11,0.88,0.12,0.0,0.5454545454545454,1.0
ur3,5,lstm,3,0.33,25,11,0.92,0.08,0.0,0.5454545454545454,2.0
ur3,5,tcn,1,0.43,25,11,0.88,0.12,0.0,0.9090909090909091,0.0
ur3,5,tcn,2,0.43,25,11,0.88,0.12,0.0,0.7272727272727273,1.0
ur3,5,tcn,3,0.43,25,11,0.92,0.08,0.0,0.6363636363636364,2.0
ur3,5,timesnet,1,0.2,25,11,0.88,0.12,0.0,0.8181818181818182,0.0
ur3,5,timesnet,2,0.2,25,11,0.92,0.08,0.0,0.6363636363636364,1.0
ur3,5,timesnet,3,0.2,25,11,0.92,0.08,0.0,0.5454545454545454,2.0
