dataset,model,seed,params,threshold,f2,auc_roc,auc_pr,brier,ece
cmapss_fd001,lite_w_o_attention,1,9650,0.31,0.8295964125560538,0.9929288321167884,0.8651539410482041,0.0124271940619281,0.0094984248133921
cmapss_fd001,lite_w_o_attention,2,9650,0.53,0.8304093567251462,0.9944214204750876,0.8930393545036203,0.0113355229365501,0.0080348337278326
cmapss_fd001,lite_w_o_attention,3,9650,0.31,0.8263069139966274,0.9945038670497072,0.8704673394663744,0.0128919014991911,0.0095516974075831
cmapss_fd001,lite_w_o_attention,4,9650,0.77,0.838150289017341,0.9954257418970284,0.8829193637204272,0.013804103356939,0.012552805171986
cmapss_fd001,lite_w_o_attention,5,9650,0.56,0.8298999411418482,0.9949661785829448,0.8944355449307003,0.0104973740531568,0.0069410286132862
cmapss_fd001,lite_w_o_attention,6,9650,0.3,0.8774298056155507,0.9968804659025396,0.9200844018875792,0.0116428232295849,0.0144141425204659
cmapss_fd001,lite_w_o_attention,7,9650,0.64,0.7961972667855021,0.9931612093141422,0.8662361027241526,0.0122770202571358,0.0105960556675788
cmapss_fd001,lite_w_o_attention,8,9650,0.49,0.8816637375512595,0.996638011901621,0.91888165958655,0.0083620583871559,0.0073911234628293
cmapss_fd001,lite_w_o_attention,9,9650,0.66,0.8017751479289941,0.9923101774494572,0.8698504489339001,0.012384451208126,0.0225766482445122
cmapss_fd001,lite_w_o_attention,10,9650,0.75,0.7425149700598802,0.9922558237817448,0.8340807777901653,0.0139905239696154,0.0120183566144732
cmapss_fd001,lite_w_o_mc_dropout,1,9650,0.62,0.813953488372093,0.9928329498040824,0.8386147738796662,0.0146205380587781,0.0145948891162217
cmapss_fd001,lite_w_o_mc_dropout,2,9650,0.48,0.7874234835837507,0.9873078078738312,0.8034506612442572,0.0175024484353446,0.014745943132496
cmapss_fd001,lite_w_o_mc_dropout,3,9650,0.55,0.8282379099499723,0.9933969454460176,0.8506854907639159,0.0145676716723516,0.0163331298510974
cmapss_fd001,lite_w_o_mc_dropout,4,9650,0.41,0.8414239482200647,0.992871730229922,0.8416920383202443,0.0172964368924903,0.0184835657938564
cmapss_fd001,lite_w_o_mc_dropout,5,9650,0.34,0.816435432230523,0.9908386587713384,0.7963982695691871,0.0164648886411407,0.0156304837281608
cmapss_fd001,lite_w_o_mc_dropout,6,9650,0.54,0.8142857142857143,0.9877948533794544,0.8007060956353387,0.0144230313816385,0.0164155432647156
cmapss_fd001,lite_w_o_mc_dropout,7,9650,0.56,0.7897574123989218,0.9830981468452886,0.7679379028406669,0.020170689056074,0.0256069721672325
cmapss_fd001,lite_w_o_mc_dropout,8,9650,0.22,0.8497602557272242,0.9917776336489512,0.8345855917030439,0.0150542419714968,0.0151517153666882
cmapss_fd001,lite_w_o_mc_dropout,9,9650,0.53,0.8147512864493996,0.9925129349514848,0.846869372183879,0.0137006138918903,0.0131777737319992
cmapss_fd001,lite_w_o_mc_dropout,10,9650,0.33,0.8512990602542841,0.9920063465540996,0.821664991811057,0.013369980892045,0.0152362742891119
cmapss_fd003,lite_w_o_attention,1,9650,0.6,0.8927444794952681,0.997126783743564,0.8665032960377403,0.0095198004019423,0.0154786410415245
cmapss_fd003,lite_w_o_attention,2,9650,0.37,0.8782051282051282,0.9973546824990932,0.9022748164694784,0.0070941143683554,0.0155879889566464
cmapss_fd003,lite_w_o_attention,3,9650,0.23,0.8928571428571429,0.9980676031280322,0.9456621188232054,0.0060322814510941,0.0058753369717676
cmapss_fd003,lite_w_o_attention,4,9650,0.48,0.8966861598440545,0.9979240448568328,0.9259797212944904,0.0060397615817419,0.0087547830652995
cmapss_fd003,lite_w_o_attention,5,9650,0.54,0.896136795440152,0.9980155632547224,0.9244878899501182,0.0077766581874817,0.0109786336664077
cmapss_fd003,lite_w_o_attention,6,9650,0.41,0.9001272264631043,0.9981216938337878,0.9196991422118348,0.0068617290932028,0.0091307547187408
cmapss_fd003,lite_w_o_attention,7,9650,0.67,0.8792650918635171,0.997557843088246,0.9214199780148704,0.0074663145486516,0.0096030500164794
cmapss_fd003,lite_w_o_attention,8,9650,0.6,0.881979695431472,0.9967227697517596,0.8749603326766155,0.0092426579146707,0.0127208539467072
cmapss_fd003,lite_w_o_attention,9,9650,0.42,0.870105655686762,0.9975572022031068,0.9110120250397824,0.0082613814281701,0.0137902539625038
cmapss_fd003,lite_w_o_attention,10,9650,0.75,0.9058207979071288,0.9980511964684664,0.9358511136319266,0.0079934060414394,0.0102645022458414
cmapss_fd003,lite_w_o_mc_dropout,1,9650,0.45,0.8618581907090465,0.9930979234039716,0.8855866871298057,0.0113648549961441,0.0142986129802385
cmapss_fd003,lite_w_o_mc_dropout,2,9650,0.5700000000000001,0.8600125549278091,0.9925672705086448,0.8889643856855592,0.0106267270338369,0.0168723545799349
cmapss_fd003,lite_w_o_mc_dropout,3,9650,0.68,0.8802816901408451,0.9949975069568082,0.9329815387004728,0.009030838661958,0.0100585662208797
cmapss_fd003,lite_w_o_mc_dropout,4,9650,0.6,0.8889602053915276,0.9963674630305408,0.925492995908462,0.0077671591640994,0.0091662881039019
cmapss_fd003,lite_w_o_mc_dropout,5,9650,0.2,0.851063829787234,0.9903544222997266,0.9145412993887748,0.0090580495489307,0.0103271629828311
cmapss_fd003,lite_w_o_mc_dropout,6,9650,0.5,0.8950031625553447,0.9984995597119092,0.94005664557051,0.0077744640102858,0.0105488343692783
cmapss_fd003,lite_w_o_mc_dropout,7,9650,0.77,0.8277254374158816,0.99363447244258,0.8461421265959415,0.008024983006236,0.0105085497757117
cmapss_fd003,lite_w_o_mc_dropout,8,9650,0.78,0.8964646464646465,0.9952512974719644,0.9288914651121682,0.0116491533115572,0.0163985977015157
cmapss_fd003,lite_w_o_mc_dropout,9,9650,0.6900000000000001,0.8645443196004994,0.9941061639050924,0.90983284489346,0.0118248074383861,0.0153802949805998
cmapss_fd003,lite_w_o_mc_dropout,10,9650,0.6,0.8550540368722187,0.993731117921584,0.8788680090807915,0.0095419253016266,0.0144522975358859
xjtu,lite_w_o_attention,1,21754,0.65,0.6119402985074627,0.7081871026833892,0.484783887659275,0.2296661022604793,0.214180315323174
xjtu,lite_w_o_attention,2,21754,0.79,0.6124497991967871,0.7172239301357565,0.5125117004358057,0.2947309111846444,0.2686215990409255
xjtu,lite_w_o_attention,3,21754,0.81,0.5864509605662285,0.6910429759410905,0.417987795173002,0.2622608963447145,0.2897644107975066
xjtu,lite_w_o_attention,4,21754,0.8,0.5785123966942148,0.6894605109230896,0.554260390892531,0.3578909357634582,0.4145059954375027
xjtu,lite_w_o_attention,5,21754,0.81,0.5831643002028397,0.7233225417380815,0.5120689063793205,0.2254461376560914,0.2196379146259278
xjtu,lite_w_o_attention,6,21754,0.75,0.5876393110435664,0.7199626375021537,0.4983275074978926,0.2027513295248185,0.191148135010153
xjtu,lite_w_o_attention,7,21754,0.89,0.5801376597836775,0.6580878018699386,0.3189551804407928,0.3824195164360786,0.3833209806866943
xjtu,lite_w_o_attention,8,21754,0.79,0.5979899497487438,0.7276981255271104,0.5628225555751647,0.3028370073710007,0.2836754135042429
xjtu,lite_w_o_attention,9,21754,0.79,0.6243756243756243,0.6628941426122915,0.4427766354894007,0.2398841289602418,0.1939841279946267
xjtu,lite_w_o_attention,10,21754,0.8400000000000001,0.5616850551654965,0.6580696647350619,0.4071406970559246,0.2541261860188879,0.2470374391600489
xjtu,lite_w_o_mc_dropout,1,21754,0.72,0.5645981688708036,0.6550770374803893,0.4756052149244339,0.2224370163543395,0.2172920279204845
xjtu,lite_w_o_mc_dropout,2,21754,0.75,0.541795665634675,0.666403678210953,0.5628431577312529,0.2092880594093748,0.1738471020013093
xjtu,lite_w_o_mc_dropout,3,21754,0.78,0.5331991951710262,0.6615882689011616,0.5149941150078843,0.270895917749377,0.3038945554941892
xjtu,lite_w_o_mc_dropout,4,21754,0.81,0.5333333333333333,0.6541611121691107,0.5959685463903407,0.3761757683509927,0.434684319794178
xjtu,lite_w_o_mc_dropout,5,21754,0.77,0.5320247933884298,0.6584052017302827,0.4984598323416076,0.2282433159158181,0.2018132477253675
xjtu,lite_w_o_mc_dropout,6,21754,0.7000000000000001,0.5645981688708036,0.6666485295317899,0.5103215892120619,0.2311630350114307,0.2903073100373149
xjtu,lite_w_o_mc_dropout,7,21754,0.95,0.0627615062761506,0.651504021909659,0.3785450649655806,0.2935467185111697,0.2847329213935882
xjtu,lite_w_o_mc_dropout,8,21754,0.74,0.5347871235721703,0.669178659847104,0.6111837415607372,0.2782847691475115,0.2704261443018913
xjtu,lite_w_o_mc_dropout,9,21754,0.87,0.5509783728115345,0.7863536197186931,0.3999569306728847,0.2449461925903617,0.2649851756542921
xjtu,lite_w_o_mc_dropout,10,21754,0.88,0.5170630816959669,0.703874998866429,0.4323121514277757,0.2568064572647879,0.2053330542892217
ur3,lite_w_o_attention,1,24442,0.16,0.7216494845360825,0.8444788508431892,0.7611954679376574,0.1683223036152779,0.1484058133181158
ur3,lite_w_o_attention,2,24442,0.27,0.7731694828469022,0.8764831419213225,0.793047614456091,0.16149812724411414,0.15648745560476968
ur3,lite_w_o_attention,3,24442,0.3,0.7473982970671712,0.8530115531952933,0.7612124490738952,0.1871531210185427,0.2256438063444398
ur3,lite_w_o_attention,4,24442,0.32,0.7386910490856593,0.7995024175355973,0.6661837868384713,0.20576003113556332,0.2264516422300474
ur3,lite_w_o_attention,5,24442,0.3,0.7534246575342466,0.8867809686119807,0.8229927389887148,0.14602714069751435,0.10643590697424207
ur3,lite_w_o_attention,6,24442,0.33,0.7539041464728056,0.8617306587641848,0.7808370630219431,0.16483403040153688,0.13836646796673113
ur3,lite_w_o_attention,7,24442,0.19,0.7093700370566437,0.8224566422313606,0.7291634483495508,0.18740679345977315,0.15018126760867048
ur3,lite_w_o_attention,8,24442,0.33,0.7272727272727273,0.8446690582072576,0.774481771813208,0.19621471641037594,0.16784635761171474
ur3,lite_w_o_attention,9,24442,0.25,0.7548658600736454,0.8661092322850373,0.78681856194141,0.15858694556270495,0.13858131242664992
ur3,lite_w_o_attention,10,24442,0.4,0.7142857142857143,0.850782322888413,0.7726559447022427,0.18499528700943677,0.16519977429102287
ur3,lite_w_o_mc_dropout,1,24442,0.27,0.7064650677789364,0.8181237184778846,0.7497097985750651,0.21915030314298617,0.21995422015864904
ur3,lite_w_o_mc_dropout,2,24442,0.25,0.7386363636363636,0.8019446800902343,0.6903485174798766,0.19409827816188946,0.19084446214086617
ur3,lite_w_o_mc_dropout,3,24442,0.2,0.7277694982613016,0.8394611805790674,0.7753315547534317,0.17516171135674502,0.15620079136565856
ur3,lite_w_o_mc_dropout,4,24442,0.16,0.6933333333333334,0.8181998014235119,0.729355272383367,0.15799991465368018,0.0990826236381334
ur3,lite_w_o_mc_dropout,5,24442,0.14,0.7409133271202236,0.8353184641896596,0.7426275608085181,0.21651715852378076,0.21412885968461104
ur3,lite_w_o_mc_dropout,6,24442,0.24000000000000002,0.6766719325961033,0.8020321754777058,0.6916419936007964,0.16045916721621667,0.08872776079579449
ur3,lite_w_o_mc_dropout,7,24442,0.28,0.6929955290611028,0.7992247147840574,0.7224187618543452,0.19345223128604272,0.18992802091207064
ur3,lite_w_o_mc_dropout,8,24442,0.19,0.7306459001374256,0.8070574540363905,0.7226198191661888,0.22004651787096605,0.223766310431116
ur3,lite_w_o_mc_dropout,9,24442,0.22,0.6931997891407485,0.8193106124296708,0.754415850077614,0.14603816236834438,0.08464702634233322
ur3,lite_w_o_mc_dropout,10,24442,0.12,0.7199256850905713,0.8209311791715328,0.7386010283563913,0.15156823206462428,0.09028343841803414
