dataset,seed,pooling,threshold,n,pos,neg,accuracy,precision,recall,f1,f2,auc_roc,auc_pr,brier,ece
cmapss_fd001,1,learned_attention,0.33,10196,332,9864,0.982247940368772,0.6602972399150743,0.9367469879518072,0.7745952677459527,0.8643690939410784,0.994597306500943,0.8769444054066118,0.011418336204309282,0.011440032559977506
cmapss_fd001,1,uniform_mean,0.26,10196,332,9864,0.9787171439780306,0.6200417536534447,0.8945783132530121,0.7324290998766955,0.8218040951853901,0.9901128235570017,0.8288356161669462,0.012416289223171211,0.0070887441927656265
cmapss_fd001,1,terminal_state,0.34,10196,332,9864,0.9836210278540605,0.6853932584269663,0.9186746987951807,0.7850707850707851,0.8601240834743373,0.9959842411006555,0.9057975919890721,0.010020534907156983,0.008929901625909915
cmapss_fd001,2,learned_attention,0.52,10196,332,9864,0.9779325225578658,0.6046966731898239,0.9307228915662651,0.7330960854092526,0.8401305057096248,0.9939505589267044,0.8368837768891557,0.017400492413510035,0.019393805522313096
cmapss_fd001,2,uniform_mean,0.47000000000000003,10196,332,9864,0.9804825421734014,0.6521739130434783,0.858433734939759,0.741222366710013,0.8073654390934845,0.9889536857893862,0.830801785133675,0.013816210653830263,0.011499041869973149
cmapss_fd001,2,terminal_state,0.38,10196,332,9864,0.9850921930168693,0.7227722772277227,0.8795180722891566,0.7934782608695652,0.8429561200923787,0.9969351249279355,0.9230465405011665,0.009293285380314268,0.007245139839855108
cmapss_fd001,3,learned_attention,0.52,10196,332,9864,0.9774421341702628,0.5947955390334573,0.963855421686747,0.735632183908046,0.857449088960343,0.9950974823869688,0.8748994939508484,0.017386734737433483,0.025580850626218142
cmapss_fd001,3,uniform_mean,0.51,10196,332,9864,0.9790113770105924,0.6322869955156951,0.8493975903614458,0.7249357326478149,0.7948139797068771,0.9806391014178368,0.8026341005084018,0.015926435111529007,0.024294887248115384
cmapss_fd001,3,terminal_state,0.41000000000000003,10196,332,9864,0.9849941153393488,0.7048054919908466,0.927710843373494,0.8010403120936281,0.8725212464589235,0.9967690103479613,0.9251970378843121,0.009509373030600779,0.010897869962531006
cmapss_fd001,4,learned_attention,0.43,10196,332,9864,0.9838171832091016,0.6992840095465394,0.8825301204819277,0.7802929427430093,0.8385804235832857,0.9940232340554431,0.8485568404831036,0.012211547316443847,0.008815888050935757
cmapss_fd001,4,uniform_mean,0.16,10196,332,9864,0.9752844252648097,0.5719424460431655,0.9578313253012049,0.7162162162162162,0.8439490445859873,0.9948647998319311,0.8667462158367771,0.010666292342655724,0.009847974899766047
cmapss_fd001,4,terminal_state,0.75,10196,332,9864,0.9870537465672813,0.7702702702702703,0.858433734939759,0.811965811965812,0.8392226148409894,0.9961924950409912,0.9165100392734044,0.01203876117669571,0.014122688983614191
cmapss_fd001,5,learned_attention,0.5,10196,332,9864,0.9801883091408395,0.6274509803921569,0.963855421686747,0.7600950118764845,0.8705114254624592,0.9942345415726165,0.8434142067780708,0.015424872648062513,0.019197824298035685
cmapss_fd001,5,uniform_mean,0.39,10196,332,9864,0.9812671635935661,0.6556291390728477,0.8945783132530121,0.756687898089172,0.8338012352610893,0.9879060035763492,0.8123454700310793,0.012487108842085419,0.01297265017247496
cmapss_fd001,5,terminal_state,0.62,10196,332,9864,0.9862691251471165,0.7487046632124352,0.8704819277108434,0.8050139275766016,0.8430571761960327,0.9960422590605732,0.9020115230601483,0.010695731103112461,0.012145725825875298
cmapss_fd003,1,learned_attention,0.64,13696,291,13405,0.9894129672897196,0.6721698113207547,0.979381443298969,0.7972027972027972,0.8973551637279596,0.9983295969729713,0.9254615054560241,0.009419710658095127,0.012165844845924843
cmapss_fd003,1,uniform_mean,0.42000000000000004,13696,291,13405,0.9853241822429907,0.5949367088607594,0.9690721649484536,0.7372549019607844,0.8608058608058609,0.9964715427771603,0.8757643239325511,0.010460026294194269,0.014360194995048838
cmapss_fd003,1,terminal_state,0.6,13696,291,13405,0.9899970794392523,0.6833333333333333,0.9862542955326461,0.8073136427566807,0.9059343434343434,0.9982250045182404,0.9224706894668214,0.008721330633674146,0.011040569921380462
cmapss_fd003,2,learned_attention,0.22,13696,291,13405,0.9882447429906542,0.6504629629629629,0.9656357388316151,0.7773167358229599,0.8803258145363408,0.9911388657102097,0.937890486981664,0.00588078576411061,0.006940565481595641
cmapss_fd003,2,uniform_mean,0.22,13696,291,13405,0.9862733644859814,0.614190687361419,0.9518900343642611,0.7466307277628033,0.8575851393188855,0.9878121591292166,0.917022610799985,0.006564043903433449,0.007474309119928213
cmapss_fd003,2,terminal_state,0.29000000000000004,13696,291,13405,0.990581191588785,0.697560975609756,0.9828178694158075,0.8159771754636234,0.9085133418043202,0.9984957144010737,0.9419201008919484,0.006133572816676719,0.006814806891211065
cmapss_fd003,3,learned_attention,0.77,13696,291,13405,0.9889018691588785,0.6674698795180722,0.9518900343642611,0.7847025495750708,0.8771374287523749,0.9901460064524316,0.9207033920080241,0.011055439647429883,0.012422138091657708
cmapss_fd003,3,uniform_mean,0.4,13696,291,13405,0.9872225467289719,0.6330275229357798,0.9484536082474226,0.7592847317744154,0.8625,0.9857710681376262,0.8965191877081014,0.009399631683465193,0.011480730091151997
cmapss_fd003,3,terminal_state,0.35000000000000003,13696,291,13405,0.9881717289719626,0.6449438202247191,0.9862542955326461,0.779891304347826,0.891858297078931,0.9988394851897854,0.9531137095809861,0.00774808963598762,0.010522531380302437
cmapss_fd003,4,learned_attention,0.47000000000000003,13696,291,13405,0.9917494158878505,0.7367021276595744,0.9518900343642611,0.8305847076461769,0.8993506493506493,0.9948872747128514,0.9184113831748664,0.00620394026582857,0.00608259044590009
cmapss_fd003,4,uniform_mean,0.52,13696,291,13405,0.9890478971962616,0.6793893129770993,0.9175257731958762,0.7807017543859649,0.8574181117533719,0.9900332106679177,0.8279228446266863,0.009240122376477814,0.01493584492005692
cmapss_fd003,4,terminal_state,0.61,13696,291,13405,0.990070093457944,0.6858513189448441,0.9828178694158075,0.807909604519774,0.9044908285895004,0.9985674935366734,0.947475432258414,0.00864745579729522,0.012178023628306806
cmapss_fd003,5,learned_attention,0.35000000000000003,13696,291,13405,0.9895589953271028,0.6796116504854369,0.9621993127147767,0.7965860597439545,0.8883248730964467,0.9956348031393117,0.9199173986175055,0.006358439553872746,0.007704047886210698
cmapss_fd003,5,uniform_mean,0.66,13696,291,13405,0.9903621495327103,0.7043701799485861,0.9415807560137457,0.8058823529411765,0.8821635544108177,0.9910691374070556,0.9027176192508614,0.008759054404266163,0.009729782258784039
cmapss_fd003,5,terminal_state,0.42000000000000004,13696,291,13405,0.9903621495327103,0.6943765281173594,0.9759450171821306,0.8114285714285714,0.9027336300063573,0.9982516653400345,0.9499509439957147,0.0064131564598643685,0.007777827845521328
xjtu,1,learned_attention,0.88,800,177,623,0.6975,0.3800738007380074,0.5819209039548022,0.45982142857142855,0.526046986721144,0.6661678954575547,0.32659554827270776,0.26497491655615996,0.21711199481971563
xjtu,1,uniform_mean,0.91,800,177,623,0.685,0.36462093862815886,0.5706214689265536,0.44493392070484583,0.5126903553299492,0.6704754649907954,0.4210254939146524,0.2810616265293687,0.2354739804007113
xjtu,1,terminal_state,0.88,800,177,623,0.71375,0.4097222222222222,0.6666666666666666,0.5075268817204301,0.5923694779116466,0.7062328264004135,0.35864764409087113,0.23406482868898537,0.1971061549335718
xjtu,2,learned_attention,0.85,800,177,623,0.7175,0.403921568627451,0.5819209039548022,0.47685185185185186,0.5347871235721703,0.690916015996953,0.4791555607112746,0.22628778446251047,0.16229625389911234
xjtu,2,uniform_mean,0.86,800,177,623,0.72625,0.4146341463414634,0.576271186440678,0.48226950354609927,0.5345911949685535,0.6684531744520319,0.4434593811931479,0.22370553071289884,0.16071624018251898
xjtu,2,terminal_state,0.8400000000000001,800,177,623,0.7375,0.43529411764705883,0.6271186440677966,0.5138888888888888,0.5763239875389408,0.7257302463929773,0.44366765532873464,0.20948529244987968,0.16768170211464167
xjtu,3,learned_attention,0.88,800,177,623,0.71625,0.40601503759398494,0.6101694915254238,0.48758465011286684,0.5544147843942505,0.6840873847158364,0.45521872064815505,0.24589938132508837,0.22406844960525632
xjtu,3,uniform_mean,0.93,800,177,623,0.73375,0.4256198347107438,0.5819209039548022,0.4916467780429594,0.5421052631578948,0.6865268293567663,0.4855312559747051,0.26431693406879253,0.24732832062058147
xjtu,3,terminal_state,0.91,800,177,623,0.7325,0.4359861591695502,0.711864406779661,0.5407725321888412,0.6318956870611836,0.6919679698198077,0.3762997342437041,0.2327391918441211,0.2213194081373513
xjtu,4,learned_attention,0.85,800,177,623,0.7175,0.4121863799283154,0.6497175141242938,0.5043859649122807,0.5825734549138805,0.8056878054973655,0.48678425546288545,0.23295247039774733,0.2309747622848954
xjtu,4,uniform_mean,0.85,800,177,623,0.71875,0.4117647058823529,0.632768361581921,0.49888641425389757,0.5714285714285714,0.723712490137933,0.4096852157396741,0.24569333233218382,0.2534459787537344
xjtu,4,terminal_state,0.81,800,177,623,0.69,0.39009287925696595,0.711864406779661,0.504,0.6110572259941804,0.7218488995293413,0.3290401190588289,0.25262786858298725,0.24084175674710423
xjtu,5,learned_attention,0.8400000000000001,800,177,623,0.71375,0.4015151515151515,0.5988700564971752,0.48072562358276644,0.5452674897119342,0.6774129190811728,0.4492762040487744,0.23411320839814187,0.17861653425730764
xjtu,5,uniform_mean,0.85,800,177,623,0.71125,0.39615384615384613,0.5819209039548022,0.47139588100686497,0.5320247933884298,0.6766828994023814,0.5189610495986582,0.23302545796573035,0.20791067604906857
xjtu,5,terminal_state,0.87,800,177,623,0.67,0.3685800604229607,0.6892655367231638,0.48031496062992124,0.5871029836381135,0.6823824940374169,0.3675645197714688,0.2702918557649042,0.2321703145746142
ur3,1,learned_attention,0.27,1128,329,799,0.625886524822695,0.43366619115549215,0.9240121580547113,0.5902912621359223,0.7535944471988101,0.8453728254543103,0.7627459902011487,0.17238113929015625,0.1632363603760799
ur3,1,uniform_mean,0.34,1128,329,799,0.6560283687943262,0.451559934318555,0.8358662613981763,0.5863539445628998,0.7142857142857143,0.8465825442897847,0.782444326555306,0.18146033825330218,0.16696819507497104
ur3,1,terminal_state,0.31,1128,329,799,0.6959219858156028,0.4885245901639344,0.9057750759878419,0.6347177848775293,0.7736240913811008,0.8744174899475408,0.8031548250209417,0.15879962873708228,0.14525246989734944
ur3,2,learned_attention,0.17,1128,329,799,0.6462765957446809,0.4420529801324503,0.8115501519756839,0.572347266881029,0.6953125,0.8083128226392413,0.711725290960494,0.17343711093410283,0.12207231355883869
ur3,2,uniform_mean,0.26,1128,329,799,0.6657801418439716,0.460655737704918,0.8541033434650456,0.5985090521831736,0.729491173416407,0.8429648002252056,0.7601075983529342,0.191089666588668,0.1803627064656334
ur3,2,terminal_state,0.13,1128,329,799,0.6418439716312057,0.445095168374817,0.9240121580547113,0.6007905138339921,0.7603801900950475,0.8449543692533599,0.7526962130767305,0.16281265245065216,0.10398055389787711
ur3,3,learned_attention,0.09999999999999999,1128,329,799,0.5824468085106383,0.40706806282722513,0.9452887537993921,0.5690759377859104,0.7475961538461539,0.8642756332954187,0.7987465649134997,0.15277788919219665,0.12094672804975763
ur3,3,uniform_mean,0.060000000000000005,1128,329,799,0.5310283687943262,0.3812351543942993,0.9756838905775076,0.5482493595217762,0.7437442075996293,0.8606350643471513,0.7886537551354811,0.14905209046261564,0.11208339366427761
ur3,3,terminal_state,0.22,1128,329,799,0.6648936170212766,0.46153846153846156,0.8936170212765957,0.6086956521739131,0.7526881720430108,0.8474118483971225,0.7688551754932194,0.17831064724638207,0.14709026733717173
ur3,4,learned_attention,0.23,1128,329,799,0.45478723404255317,0.3468950749464668,0.9848024316109423,0.5130641330166271,0.72,0.8002632469918705,0.7048208577002144,0.21645777367191552,0.24108039352593688
ur3,4,uniform_mean,0.23,1128,329,799,0.40425531914893614,0.32763819095477387,0.9908814589665653,0.49244712990936557,0.7053223712678495,0.7943211689383765,0.69339234309251,0.2258400560010985,0.2552423446921381
ur3,4,terminal_state,0.25,1128,329,799,0.6303191489361702,0.4343283582089552,0.8844984802431611,0.5825825825825826,0.7326283987915407,0.8421963624743696,0.7855231621386936,0.16572313910574113,0.15661431937511508
ur3,5,learned_attention,0.7100000000000001,1128,329,799,0.7473404255319149,0.5526315789473685,0.7021276595744681,0.6184738955823293,0.6660899653979239,0.8308600035758985,0.7650123058114713,0.22147248441006448,0.21852339019153455
ur3,5,uniform_mean,0.15000000000000002,1128,329,799,0.5398936170212766,0.3806532663316583,0.9209726443768997,0.5386666666666666,0.7173295454545454,0.8321610219461256,0.7579976113384174,0.18258414284232255,0.1616202656192877
ur3,5,terminal_state,0.15000000000000002,1128,329,799,0.6941489361702128,0.48697068403908794,0.9088145896656535,0.6341463414634146,0.7746113989637305,0.8788417132357698,0.8149799144573027,0.13702891357450195,0.10245941181052873
