dataset,model,uncertainty,replicate,seed,target_coverage,actual_coverage,risk,n_kept,n_test_windows
cmapss_fd001,full,mc_dropout,seed,1,0.5,0.6473126716359356,0.00015151515151515152,6600,10196
cmapss_fd001,full,mc_dropout,seed,1,0.55,0.6994899960768929,0.00014021312394840157,7132,10196
cmapss_fd001,full,mc_dropout,seed,1,0.6,0.7530404080031385,0.00013024225058609013,7678,10196
cmapss_fd001,full,mc_dropout,seed,1,0.65,0.8020792467634367,0.00012227928588897041,8178,10196
cmapss_fd001,full,mc_dropout,seed,1,0.7,0.8440564927422519,0.00011619800139437602,8606,10196
cmapss_fd001,full,mc_dropout,seed,1,0.75,0.8834837191055316,0.00011101243339253997,9008,10196
cmapss_fd001,full,mc_dropout,seed,1,0.8,0.9150647312671636,0.00021436227224008573,9330,10196
cmapss_fd001,full,mc_dropout,seed,1,0.85,0.9325225578658297,0.0005258729490954985,9508,10196
cmapss_fd001,full,mc_dropout,seed,1,0.9,0.9550804236955669,0.002978024234955843,9738,10196
cmapss_fd001,full,mc_dropout,seed,1,0.95,0.9787171439780306,0.008618098005812206,9979,10196
cmapss_fd001,full,mc_dropout,seed,1,1.0,1.0,0.01775205963122793,10196,10196
cmapss_fd001,full,confidence,seed,1,0.5,0.6479011377010593,0.0,6606,10196
cmapss_fd001,full,confidence,seed,1,0.55,0.7050804236955669,0.0,7189,10196
cmapss_fd001,full,confidence,seed,1,0.6,0.7658885837583366,0.00012805736970162632,7809,10196
cmapss_fd001,full,confidence,seed,1,0.65,0.8134562573558258,0.00012056908608632747,8294,10196
cmapss_fd001,full,confidence,seed,1,0.7,0.8593566104354649,0.00011412919424788861,8762,10196
cmapss_fd001,full,confidence,seed,1,0.75,0.8934876422126324,0.0001097694840834248,9110,10196
cmapss_fd001,full,confidence,seed,1,0.8,0.9172224401726167,0.000213857998289136,9352,10196
cmapss_fd001,full,confidence,seed,1,0.85,0.9338956453511181,0.000630119722747322,9522,10196
cmapss_fd001,full,confidence,seed,1,0.9,0.9535111808552373,0.0025714873482822463,9722,10196
cmapss_fd001,full,confidence,seed,1,0.95,0.9795017653981953,0.008110543706818865,9987,10196
cmapss_fd001,full,confidence,seed,1,1.0,1.0,0.01775205963122793,10196,10196
cmapss_fd001,full,mc_dropout,seed,2,0.5,0.6102393095331503,0.0,6222,10196
cmapss_fd001,full,mc_dropout,seed,2,0.55,0.665457041977246,0.0,6785,10196
cmapss_fd001,full,mc_dropout,seed,2,0.6,0.7175362887406826,0.0001366867140513942,7316,10196
cmapss_fd001,full,mc_dropout,seed,2,0.65,0.7707924676343664,0.00038172795521058657,7859,10196
cmapss_fd001,full,mc_dropout,seed,2,0.7,0.8208120831698705,0.0004779543553590632,8369,10196
cmapss_fd001,full,mc_dropout,seed,2,0.75,0.868085523734798,0.0005649079200090385,8851,10196
cmapss_fd001,full,mc_dropout,seed,2,0.8,0.9025107885445273,0.0010867202782003911,9202,10196
cmapss_fd001,full,mc_dropout,seed,2,0.85,0.9330129462534327,0.003363817933354357,9513,10196
cmapss_fd001,full,mc_dropout,seed,2,0.9,0.9545900353079639,0.0060618514332682625,9733,10196
cmapss_fd001,full,mc_dropout,seed,2,0.95,0.9772459788152217,0.012244078683259736,9964,10196
cmapss_fd001,full,mc_dropout,seed,2,1.0,1.0,0.02206747744213417,10196,10196
cmapss_fd001,full,confidence,seed,2,0.5,0.6237740290309925,0.0,6360,10196
cmapss_fd001,full,confidence,seed,2,0.55,0.6786975284425265,0.0,6920,10196
cmapss_fd001,full,confidence,seed,2,0.6,0.724499803844645,0.0,7387,10196
cmapss_fd001,full,confidence,seed,2,0.65,0.7746174970576697,0.0,7898,10196
cmapss_fd001,full,confidence,seed,2,0.7,0.8318948607296979,0.0003536901674133459,8482,10196
cmapss_fd001,full,confidence,seed,2,0.75,0.8807375441349549,0.00044543429844097997,8980,10196
cmapss_fd001,full,confidence,seed,2,0.8,0.9090819929384072,0.00043154601359369945,9269,10196
cmapss_fd001,full,confidence,seed,2,0.85,0.9349744998038446,0.0024126717717402706,9533,10196
cmapss_fd001,full,confidence,seed,2,0.9,0.9529227147901138,0.005660765747221078,9716,10196
cmapss_fd001,full,confidence,seed,2,0.95,0.9765594350725775,0.0115496635532791,9957,10196
cmapss_fd001,full,confidence,seed,2,1.0,1.0,0.02206747744213417,10196,10196
cmapss_fd001,full,mc_dropout,seed,3,0.5,0.6013142408787759,0.0,6131,10196
cmapss_fd001,full,mc_dropout,seed,3,0.55,0.654766575127501,0.0,6676,10196
cmapss_fd001,full,mc_dropout,seed,3,0.6,0.7111612397018439,0.0,7251,10196
cmapss_fd001,full,mc_dropout,seed,3,0.65,0.7702040015692428,0.00012733987011333248,7853,10196
cmapss_fd001,full,mc_dropout,seed,3,0.7,0.8241467242055708,0.00047602046888016187,8403,10196
cmapss_fd001,full,mc_dropout,seed,3,0.75,0.8640643389564535,0.0011350737797956867,8810,10196
cmapss_fd001,full,mc_dropout,seed,3,0.8,0.9056492742251864,0.001949317738791423,9234,10196
cmapss_fd001,full,mc_dropout,seed,3,0.85,0.9365437426441742,0.0055503194051733165,9549,10196
cmapss_fd001,full,mc_dropout,seed,3,0.9,0.9581208316987053,0.009724639164704679,9769,10196
cmapss_fd001,full,mc_dropout,seed,3,0.95,0.9768536681051393,0.0142570281124498,9960,10196
cmapss_fd001,full,mc_dropout,seed,3,1.0,1.0,0.02255786582973715,10196,10196
cmapss_fd001,full,confidence,seed,3,0.5,0.6193605335425657,0.0,6315,10196
cmapss_fd001,full,confidence,seed,3,0.55,0.6599646920360925,0.0,6729,10196
cmapss_fd001,full,confidence,seed,3,0.6,0.710180462926638,0.0,7241,10196
cmapss_fd001,full,confidence,seed,3,0.65,0.7753040408003139,0.0,7905,10196
cmapss_fd001,full,confidence,seed,3,0.7,0.833071792859945,0.0,8494,10196
cmapss_fd001,full,confidence,seed,3,0.75,0.8767163593566104,0.0006712160196890032,8939,10196
cmapss_fd001,full,confidence,seed,3,0.8,0.9077089054531189,0.0016207455429497568,9255,10196
cmapss_fd001,full,confidence,seed,3,0.85,0.9352687328364064,0.004404362416107382,9536,10196
cmapss_fd001,full,confidence,seed,3,0.9,0.9585131424087877,0.009209045328967564,9773,10196
cmapss_fd001,full,confidence,seed,3,0.95,0.9761671243624951,0.014166582939817141,9953,10196
cmapss_fd001,full,confidence,seed,3,1.0,1.0,0.02255786582973715,10196,10196
cmapss_fd001,full,mc_dropout,seed,4,0.5,0.6719301686936053,0.0,6851,10196
cmapss_fd001,full,mc_dropout,seed,4,0.55,0.7287171439780306,0.0,7430,10196
cmapss_fd001,full,mc_dropout,seed,4,0.6,0.770890545311887,0.0,7860,10196
cmapss_fd001,full,mc_dropout,seed,4,0.65,0.8157120439387995,0.0,8317,10196
cmapss_fd001,full,mc_dropout,seed,4,0.7,0.8528834837191055,0.0,8696,10196
cmapss_fd001,full,mc_dropout,seed,4,0.75,0.88652412710867,0.0002212634140944795,9039,10196
cmapss_fd001,full,mc_dropout,seed,4,0.8,0.9142801098469988,0.00021454623471358077,9322,10196
cmapss_fd001,full,mc_dropout,seed,4,0.85,0.9354648881914476,0.0007339064793457748,9538,10196
cmapss_fd001,full,mc_dropout,seed,4,0.9,0.9560612004707728,0.003385309807139926,9748,10196
cmapss_fd001,full,mc_dropout,seed,4,0.95,0.9798940761082777,0.00950855770193174,9991,10196
cmapss_fd001,full,mc_dropout,seed,4,1.0,1.0,0.01618281679089839,10196,10196
cmapss_fd001,full,confidence,seed,4,0.5,0.6952726559435073,0.0,7089,10196
cmapss_fd001,full,confidence,seed,4,0.55,0.7477442134170262,0.0,7624,10196
cmapss_fd001,full,confidence,seed,4,0.6,0.7897214593958415,0.0,8052,10196
cmapss_fd001,full,confidence,seed,4,0.65,0.8339544919576305,0.00011760555098200635,8503,10196
cmapss_fd001,full,confidence,seed,4,0.7,0.8654374264417418,0.00011332728921124207,8824,10196
cmapss_fd001,full,confidence,seed,4,0.75,0.8932914868575912,0.00021958717610891525,9108,10196
cmapss_fd001,full,confidence,seed,4,0.8,0.9164378187524519,0.00021404109589041095,9344,10196
cmapss_fd001,full,confidence,seed,4,0.85,0.9352687328364064,0.0006291946308724832,9536,10196
cmapss_fd001,full,confidence,seed,4,0.9,0.9555708120831699,0.002668582572103048,9743,10196
cmapss_fd001,full,confidence,seed,4,0.95,0.9778344448803452,0.008525576730190571,9970,10196
cmapss_fd001,full,confidence,seed,4,1.0,1.0,0.01618281679089839,10196,10196
cmapss_fd001,full,mc_dropout,seed,5,0.5,0.6647704982346018,0.0,6778,10196
cmapss_fd001,full,mc_dropout,seed,5,0.55,0.7088073754413495,0.0,7227,10196
cmapss_fd001,full,mc_dropout,seed,5,0.6,0.7605923891722244,0.0,7755,10196
cmapss_fd001,full,mc_dropout,seed,5,0.65,0.8138485680659082,0.0,8298,10196
cmapss_fd001,full,mc_dropout,seed,5,0.7,0.8637701059238917,0.00022709208584080845,8807,10196
cmapss_fd001,full,mc_dropout,seed,5,0.75,0.9005492349941153,0.0005445436724025267,9182,10196
cmapss_fd001,full,mc_dropout,seed,5,0.8,0.9220282463711259,0.001595574938836294,9401,10196
cmapss_fd001,full,mc_dropout,seed,5,0.85,0.9447822675559043,0.004048582995951417,9633,10196
cmapss_fd001,full,mc_dropout,seed,5,0.9,0.9612593173793644,0.007550249974492398,9801,10196
cmapss_fd001,full,mc_dropout,seed,5,0.95,0.9788152216555512,0.013226452905811623,9980,10196
cmapss_fd001,full,mc_dropout,seed,5,1.0,1.0,0.019811690859160454,10196,10196
cmapss_fd001,full,confidence,seed,5,0.5,0.6697724597881523,0.0,6829,10196
cmapss_fd001,full,confidence,seed,5,0.55,0.710180462926638,0.0,7241,10196
cmapss_fd001,full,confidence,seed,5,0.6,0.755590427618674,0.0,7704,10196
cmapss_fd001,full,confidence,seed,5,0.65,0.809042761867399,0.0001212268153715602,8249,10196
cmapss_fd001,full,confidence,seed,5,0.7,0.8715182424480188,0.00011253657438667567,8886,10196
cmapss_fd001,full,confidence,seed,5,0.75,0.901137701059239,0.00021767522855898998,9188,10196
cmapss_fd001,full,confidence,seed,5,0.8,0.9213417026284818,0.0014903129657228018,9394,10196
cmapss_fd001,full,confidence,seed,5,0.85,0.9449784229109455,0.0038401660612350803,9635,10196
cmapss_fd001,full,confidence,seed,5,0.9,0.9595919968615143,0.006541291905151268,9784,10196
cmapss_fd001,full,confidence,seed,5,0.95,0.9792075323656336,0.01312099358974359,9984,10196
cmapss_fd001,full,confidence,seed,5,1.0,1.0,0.019811690859160454,10196,10196
cmapss_fd001,full,seed_ensemble,ensemble,0,0.5,0.6485876814437034,0.0,6613,10196
cmapss_fd001,full,seed_ensemble,ensemble,0,0.55,0.6945861122008631,0.0,7082,10196
cmapss_fd001,full,seed_ensemble,ensemble,0,0.6,0.7494115339348765,0.0,7641,10196
cmapss_fd001,full,seed_ensemble,ensemble,0,0.65,0.8095331502550019,0.0,8254,10196
cmapss_fd001,full,seed_ensemble,ensemble,0,0.7,0.8530796390741467,0.0,8698,10196
cmapss_fd001,full,seed_ensemble,ensemble,0,0.75,0.8841702628481758,0.00011092623405435385,9015,10196
cmapss_fd001,full,seed_ensemble,ensemble,0,0.8,0.9151628089446842,0.0007501875468867217,9331,10196
cmapss_fd001,full,seed_ensemble,ensemble,0,0.85,0.9377206747744213,0.0029285639577450056,9561,10196
cmapss_fd001,full,seed_ensemble,ensemble,0,0.9,0.9591016084739113,0.00572655690765927,9779,10196
cmapss_fd001,full,seed_ensemble,ensemble,0,0.95,0.9774421341702628,0.010234798314268514,9966,10196
cmapss_fd001,full,seed_ensemble,ensemble,0,1.0,1.0,0.018242448018830914,10196,10196
cmapss_fd001,proposed_lite,mc_dropout,seed,1,0.5,0.6288740682620636,0.00031191515907673113,6412,10196
cmapss_fd001,proposed_lite,mc_dropout,seed,1,0.55,0.6805610043154178,0.0002882259691598213,6939,10196
cmapss_fd001,proposed_lite,mc_dropout,seed,1,0.6,0.7319537073362102,0.00026798874447273214,7463,10196
cmapss_fd001,proposed_lite,mc_dropout,seed,1,0.65,0.7847194978422911,0.0003749531308586427,8001,10196
cmapss_fd001,proposed_lite,mc_dropout,seed,1,0.7,0.8337583366025892,0.0003528996588636631,8501,10196
cmapss_fd001,proposed_lite,mc_dropout,seed,1,0.75,0.870733621027854,0.0004505519261094841,8878,10196
cmapss_fd001,proposed_lite,mc_dropout,seed,1,0.8,0.9061396626127893,0.0007576577551683082,9239,10196
cmapss_fd001,proposed_lite,mc_dropout,seed,1,0.85,0.9343860337387211,0.0019943318988138972,9527,10196
cmapss_fd001,proposed_lite,mc_dropout,seed,1,0.9,0.9589054531188701,0.005318604889025263,9777,10196
cmapss_fd001,proposed_lite,mc_dropout,seed,1,0.95,0.9799921537857984,0.0122097678142514,9992,10196
cmapss_fd001,proposed_lite,mc_dropout,seed,1,1.0,1.0,0.020302079246763437,10196,10196
cmapss_fd001,proposed_lite,confidence,seed,1,0.5,0.6395645351118086,0.0,6521,10196
cmapss_fd001,proposed_lite,confidence,seed,1,0.55,0.6905649274225186,0.000142025280499929,7041,10196
cmapss_fd001,proposed_lite,confidence,seed,1,0.6,0.749509611612397,0.00013085579691180318,7642,10196
cmapss_fd001,proposed_lite,confidence,seed,1,0.65,0.8020792467634367,0.00024455857177794083,8178,10196
cmapss_fd001,proposed_lite,confidence,seed,1,0.7,0.853766182816791,0.00022975301550832856,8705,10196
cmapss_fd001,proposed_lite,confidence,seed,1,0.75,0.8907414672420557,0.00022021581149526536,9082,10196
cmapss_fd001,proposed_lite,confidence,seed,1,0.8,0.9158493526873284,0.0005354465624330692,9338,10196
cmapss_fd001,proposed_lite,confidence,seed,1,0.85,0.932718713220871,0.0014721345951629863,9510,10196
cmapss_fd001,proposed_lite,confidence,seed,1,0.9,0.9579246763436642,0.004812122453158595,9767,10196
cmapss_fd001,proposed_lite,confidence,seed,1,0.95,0.9797959984307572,0.011011011011011011,9990,10196
cmapss_fd001,proposed_lite,confidence,seed,1,1.0,1.0,0.020302079246763437,10196,10196
cmapss_fd001,proposed_lite,mc_dropout,seed,2,0.5,0.6005296194586113,0.0004899559039686428,6123,10196
cmapss_fd001,proposed_lite,mc_dropout,seed,2,0.55,0.6591800706159278,0.0004463621484898081,6721,10196
cmapss_fd001,proposed_lite,mc_dropout,seed,2,0.6,0.7116516280894468,0.0005512679162072767,7256,10196
cmapss_fd001,proposed_lite,mc_dropout,seed,2,0.65,0.7680462926637898,0.0007661856723279274,7831,10196
cmapss_fd001,proposed_lite,mc_dropout,seed,2,0.7,0.8170851314240879,0.0007202016564638099,8331,10196
cmapss_fd001,proposed_lite,mc_dropout,seed,2,0.75,0.8621027854060416,0.0009101251422070534,8790,10196
cmapss_fd001,proposed_lite,mc_dropout,seed,2,0.8,0.8967242055708121,0.0010937329104232746,9143,10196
cmapss_fd001,proposed_lite,mc_dropout,seed,2,0.85,0.9329148685759121,0.0022077375946173254,9512,10196
cmapss_fd001,proposed_lite,mc_dropout,seed,2,0.9,0.9569438995684583,0.005534488059854463,9757,10196
cmapss_fd001,proposed_lite,mc_dropout,seed,2,0.95,0.9794036877206748,0.012317244141798517,9986,10196
cmapss_fd001,proposed_lite,mc_dropout,seed,2,1.0,1.0,0.022459788152216557,10196,10196
cmapss_fd001,proposed_lite,confidence,seed,2,0.5,0.6271086700666928,0.00031279324366593683,6394,10196
cmapss_fd001,proposed_lite,confidence,seed,2,0.55,0.6805610043154178,0.00043233895373973193,6939,10196
cmapss_fd001,proposed_lite,confidence,seed,2,0.6,0.7346018046292664,0.0006675567423230974,7490,10196
cmapss_fd001,proposed_lite,confidence,seed,2,0.65,0.7900156924284033,0.0006207324643078833,8055,10196
cmapss_fd001,proposed_lite,confidence,seed,2,0.7,0.840623774029031,0.0005833625014584063,8571,10196
cmapss_fd001,proposed_lite,confidence,seed,2,0.75,0.8802471557473519,0.0006685236768802228,8975,10196
cmapss_fd001,proposed_lite,confidence,seed,2,0.8,0.9132993330717929,0.0010738831615120276,9312,10196
cmapss_fd001,proposed_lite,confidence,seed,2,0.85,0.9370341310317771,0.0018840276324052752,9554,10196
cmapss_fd001,proposed_lite,confidence,seed,2,0.9,0.9553746567281287,0.004106354583718304,9741,10196
cmapss_fd001,proposed_lite,confidence,seed,2,0.95,0.97861906630051,0.011525355782721989,9978,10196
cmapss_fd001,proposed_lite,confidence,seed,2,1.0,1.0,0.022459788152216557,10196,10196
cmapss_fd001,proposed_lite,mc_dropout,seed,3,0.5,0.7012553942722637,0.0,7150,10196
cmapss_fd001,proposed_lite,mc_dropout,seed,3,0.55,0.7634366418203217,0.0,7784,10196
cmapss_fd001,proposed_lite,mc_dropout,seed,3,0.6,0.8097293056100432,0.00012112403100775194,8256,10196
cmapss_fd001,proposed_lite,mc_dropout,seed,3,0.65,0.8485680659081993,0.00034674063800277393,8652,10196
cmapss_fd001,proposed_lite,mc_dropout,seed,3,0.7,0.8775990584542958,0.0003352704514975414,8948,10196
cmapss_fd001,proposed_lite,mc_dropout,seed,3,0.75,0.904766575127501,0.0005420054200542005,9225,10196
cmapss_fd001,proposed_lite,mc_dropout,seed,3,0.8,0.920066692820714,0.001812173542266283,9381,10196
cmapss_fd001,proposed_lite,mc_dropout,seed,3,0.85,0.9361514319340918,0.004504976427448926,9545,10196
cmapss_fd001,proposed_lite,mc_dropout,seed,3,0.9,0.9545900353079639,0.009863351484639885,9733,10196
cmapss_fd001,proposed_lite,mc_dropout,seed,3,0.95,0.978128677912907,0.016143587686754238,9973,10196
cmapss_fd001,proposed_lite,mc_dropout,seed,3,1.0,1.0,0.019811690859160454,10196,10196
cmapss_fd001,proposed_lite,confidence,seed,3,0.5,0.7018438603373872,0.0,7156,10196
cmapss_fd001,proposed_lite,confidence,seed,3,0.55,0.7526480972930562,0.0,7674,10196
cmapss_fd001,proposed_lite,confidence,seed,3,0.6,0.7955080423695566,0.00012328936012822092,8111,10196
cmapss_fd001,proposed_lite,confidence,seed,3,0.65,0.8311102393095332,0.0001180080245456691,8474,10196
cmapss_fd001,proposed_lite,confidence,seed,3,0.7,0.8653393487642213,0.00011334013374135781,8823,10196
cmapss_fd001,proposed_lite,confidence,seed,3,0.75,0.8917222440172616,0.0004399472063352398,9092,10196
cmapss_fd001,proposed_lite,confidence,seed,3,0.8,0.9144762652020401,0.0005362505362505362,9324,10196
cmapss_fd001,proposed_lite,confidence,seed,3,0.85,0.9344841114162417,0.0028337531486146094,9528,10196
cmapss_fd001,proposed_lite,confidence,seed,3,0.9,0.9529227147901138,0.007616303005351997,9716,10196
cmapss_fd001,proposed_lite,confidence,seed,3,0.95,0.9762652020400157,0.0162748643761302,9954,10196
cmapss_fd001,proposed_lite,confidence,seed,3,1.0,1.0,0.019811690859160454,10196,10196
cmapss_fd001,proposed_lite,mc_dropout,seed,4,0.5,0.6565319733228717,0.0,6694,10196
cmapss_fd001,proposed_lite,mc_dropout,seed,4,0.55,0.7097881522165556,0.0,7237,10196
cmapss_fd001,proposed_lite,mc_dropout,seed,4,0.6,0.7576500588466065,0.00012944983818770226,7725,10196
cmapss_fd001,proposed_lite,mc_dropout,seed,4,0.65,0.8092389172224401,0.00012119743061447097,8251,10196
cmapss_fd001,proposed_lite,mc_dropout,seed,4,0.7,0.8481757551981169,0.0003469010175763182,8648,10196
cmapss_fd001,proposed_lite,mc_dropout,seed,4,0.75,0.8764221263240487,0.0003357206803939123,8936,10196
cmapss_fd001,proposed_lite,mc_dropout,seed,4,0.8,0.9081012161632013,0.0005400151204233718,9259,10196
cmapss_fd001,proposed_lite,mc_dropout,seed,4,0.85,0.9315417810906238,0.0012634238787113076,9498,10196
cmapss_fd001,proposed_lite,mc_dropout,seed,4,0.9,0.9535111808552373,0.002880065830076116,9722,10196
cmapss_fd001,proposed_lite,mc_dropout,seed,4,0.95,0.9762652020400157,0.009644364074743821,9954,10196
cmapss_fd001,proposed_lite,mc_dropout,seed,4,1.0,1.0,0.018046292663789723,10196,10196
cmapss_fd001,proposed_lite,confidence,seed,4,0.5,0.6482934484111417,0.0,6610,10196
cmapss_fd001,proposed_lite,confidence,seed,4,0.55,0.7109650843468027,0.0,7249,10196
cmapss_fd001,proposed_lite,confidence,seed,4,0.6,0.7671635935661043,0.0,7822,10196
cmapss_fd001,proposed_lite,confidence,seed,4,0.65,0.8193409180070615,0.00023940627244433804,8354,10196
cmapss_fd001,proposed_lite,confidence,seed,4,0.7,0.8571989015300118,0.00034324942791762013,8740,10196
cmapss_fd001,proposed_lite,confidence,seed,4,0.75,0.8883876029815614,0.00044159858688452196,9058,10196
cmapss_fd001,proposed_lite,confidence,seed,4,0.8,0.9142801098469988,0.00042909246942716153,9322,10196
cmapss_fd001,proposed_lite,confidence,seed,4,0.85,0.9340918007061593,0.0007349853002939942,9524,10196
cmapss_fd001,proposed_lite,confidence,seed,4,0.9,0.9525304040800314,0.002574135090609555,9712,10196
cmapss_fd001,proposed_lite,confidence,seed,4,0.95,0.9765594350725775,0.00974189012754846,9957,10196
cmapss_fd001,proposed_lite,confidence,seed,4,1.0,1.0,0.018046292663789723,10196,10196
cmapss_fd001,proposed_lite,mc_dropout,seed,5,0.5,0.7046881129854845,0.0002783576896311761,7185,10196
cmapss_fd001,proposed_lite,mc_dropout,seed,5,0.55,0.7525500196155355,0.00026065424214779094,7673,10196
cmapss_fd001,proposed_lite,mc_dropout,seed,5,0.6,0.7970772852098862,0.0002460932693490833,8127,10196
cmapss_fd001,proposed_lite,mc_dropout,seed,5,0.65,0.8397410749313456,0.000233590282644242,8562,10196
cmapss_fd001,proposed_lite,mc_dropout,seed,5,0.7,0.8757355825814045,0.00022398924851607123,8929,10196
cmapss_fd001,proposed_lite,mc_dropout,seed,5,0.75,0.9030011769321302,0.00032583903551645487,9207,10196
cmapss_fd001,proposed_lite,mc_dropout,seed,5,0.8,0.9221263240486465,0.0008508827908955541,9402,10196
cmapss_fd001,proposed_lite,mc_dropout,seed,5,0.85,0.9377206747744213,0.0019872398284698253,9561,10196
cmapss_fd001,proposed_lite,mc_dropout,seed,5,0.9,0.9575323656335818,0.006657789613848202,9763,10196
cmapss_fd001,proposed_lite,mc_dropout,seed,5,0.95,0.9771479011377011,0.011442336645588679,9963,10196
cmapss_fd001,proposed_lite,mc_dropout,seed,5,1.0,1.0,0.024617497057669673,10196,10196
cmapss_fd001,proposed_lite,confidence,seed,5,0.5,0.7269517457826599,0.0002698327037236913,7412,10196
cmapss_fd001,proposed_lite,confidence,seed,5,0.55,0.774029030992546,0.00025342118601115053,7892,10196
cmapss_fd001,proposed_lite,confidence,seed,5,0.6,0.8110043154178109,0.00024186721489902045,8269,10196
cmapss_fd001,proposed_lite,confidence,seed,5,0.65,0.8502353864260495,0.00023070711731456916,8669,10196
cmapss_fd001,proposed_lite,confidence,seed,5,0.7,0.8789721459395842,0.0003347467083240348,8962,10196
cmapss_fd001,proposed_lite,confidence,seed,5,0.75,0.904766575127501,0.0003252032520325203,9225,10196
cmapss_fd001,proposed_lite,confidence,seed,5,0.8,0.9237936445664967,0.0007431786813886825,9419,10196
cmapss_fd001,proposed_lite,confidence,seed,5,0.85,0.9379168301294626,0.0019868242183415244,9563,10196
cmapss_fd001,proposed_lite,confidence,seed,5,0.9,0.9581208316987053,0.006448971235540997,9769,10196
cmapss_fd001,proposed_lite,confidence,seed,5,0.95,0.976657512750098,0.010745129544085158,9958,10196
cmapss_fd001,proposed_lite,confidence,seed,5,1.0,1.0,0.024617497057669673,10196,10196
cmapss_fd001,proposed_lite,seed_ensemble,ensemble,0,0.5,0.6786975284425265,0.00014450867052023122,6920,10196
cmapss_fd001,proposed_lite,seed_ensemble,ensemble,0,0.55,0.7253825029423303,0.00013520822065981613,7396,10196
cmapss_fd001,proposed_lite,seed_ensemble,ensemble,0,0.6,0.7807963907414672,0.00012561236025624922,7961,10196
cmapss_fd001,proposed_lite,seed_ensemble,ensemble,0,0.65,0.8232640251078854,0.00011913271384322135,8394,10196
cmapss_fd001,proposed_lite,seed_ensemble,ensemble,0,0.7,0.866614358571989,0.0004526935264825713,8836,10196
cmapss_fd001,proposed_lite,seed_ensemble,ensemble,0,0.75,0.8932914868575912,0.0005489679402722881,9108,10196
cmapss_fd001,proposed_lite,seed_ensemble,ensemble,0,0.8,0.9143781875245194,0.0010726161106939826,9323,10196
cmapss_fd001,proposed_lite,seed_ensemble,ensemble,0,0.85,0.932718713220871,0.00241850683491062,9510,10196
cmapss_fd001,proposed_lite,seed_ensemble,ensemble,0,0.9,0.9540015692428403,0.0056543641410506836,9727,10196
cmapss_fd001,proposed_lite,seed_ensemble,ensemble,0,0.95,0.9784229109454688,0.012329591018444266,9976,10196
cmapss_fd001,proposed_lite,seed_ensemble,ensemble,0,1.0,1.0,0.019713613181639857,10196,10196
cmapss_fd003,full,mc_dropout,seed,1,0.5,0.7188230140186916,0.0,9845,13696
cmapss_fd003,full,mc_dropout,seed,1,0.55,0.7576664719626168,0.0,10377,13696
cmapss_fd003,full,mc_dropout,seed,1,0.6,0.8044684579439252,0.0,11018,13696
cmapss_fd003,full,mc_dropout,seed,1,0.65,0.846232476635514,0.0,11590,13696
cmapss_fd003,full,mc_dropout,seed,1,0.7,0.8833235981308412,0.0,12098,13696
cmapss_fd003,full,mc_dropout,seed,1,0.75,0.9114339953271028,8.010894816951053e-05,12483,13696
cmapss_fd003,full,mc_dropout,seed,1,0.8,0.9299795560747663,0.00015702284682421293,12737,13696
cmapss_fd003,full,mc_dropout,seed,1,0.85,0.9447283878504673,0.0006182858026122575,12939,13696
cmapss_fd003,full,mc_dropout,seed,1,0.9,0.9660484813084113,0.002267402312750359,13231,13696
cmapss_fd003,full,mc_dropout,seed,1,0.95,0.9845940420560748,0.005635891731553578,13485,13696
cmapss_fd003,full,mc_dropout,seed,1,1.0,1.0,0.010587032710280374,13696,13696
cmapss_fd003,full,confidence,seed,1,0.5,0.717508761682243,0.0,9827,13696
cmapss_fd003,full,confidence,seed,1,0.55,0.766866238317757,0.0,10503,13696
cmapss_fd003,full,confidence,seed,1,0.6,0.814982476635514,0.0,11162,13696
cmapss_fd003,full,confidence,seed,1,0.65,0.8511244158878505,0.0,11657,13696
cmapss_fd003,full,confidence,seed,1,0.7,0.884929906542056,0.0,12120,13696
cmapss_fd003,full,confidence,seed,1,0.75,0.9141355140186916,0.0,12520,13696
cmapss_fd003,full,confidence,seed,1,0.8,0.9307096962616822,0.00015689966266572527,12747,13696
cmapss_fd003,full,confidence,seed,1,0.85,0.9467727803738317,0.0006940695611937996,12967,13696
cmapss_fd003,full,confidence,seed,1,0.9,0.9661214953271028,0.0018137847642079807,13232,13696
cmapss_fd003,full,confidence,seed,1,0.95,0.9837908878504673,0.0047498886744841914,13474,13696
cmapss_fd003,full,confidence,seed,1,1.0,1.0,0.010587032710280374,13696,13696
cmapss_fd003,full,mc_dropout,seed,2,0.5,0.7475905373831776,0.0005859947260474656,10239,13696
cmapss_fd003,full,mc_dropout,seed,2,0.55,0.7809579439252337,0.0005609573672400897,10696,13696
cmapss_fd003,full,mc_dropout,seed,2,0.6,0.8138872663551402,0.0005382614156275231,11147,13696
cmapss_fd003,full,mc_dropout,seed,2,0.65,0.842508761682243,0.0005199757344657249,11539,13696
cmapss_fd003,full,mc_dropout,seed,2,0.7,0.8722984813084113,0.0005859211517535783,11947,13696
cmapss_fd003,full,mc_dropout,seed,2,0.75,0.8986565420560748,0.0005687357816054598,12308,13696
cmapss_fd003,full,mc_dropout,seed,2,0.8,0.920998831775701,0.0005549389567147614,12614,13696
cmapss_fd003,full,mc_dropout,seed,2,0.85,0.9415887850467289,0.0005428039702233251,12896,13696
cmapss_fd003,full,mc_dropout,seed,2,0.9,0.9645151869158879,0.0006056018168054504,13210,13696
cmapss_fd003,full,mc_dropout,seed,2,0.95,0.9837908878504673,0.0027460293899361733,13474,13696
cmapss_fd003,full,mc_dropout,seed,2,1.0,1.0,0.011755257009345795,13696,13696
cmapss_fd003,full,confidence,seed,2,0.5,0.7450350467289719,0.0005880047040376323,10204,13696
cmapss_fd003,full,confidence,seed,2,0.55,0.7810309579439252,0.0005609049266149387,10697,13696
cmapss_fd003,full,confidence,seed,2,0.6,0.821188668224299,0.0005334755934915977,11247,13696
cmapss_fd003,full,confidence,seed,2,0.65,0.8511244158878505,0.0005147121901003689,11657,13696
cmapss_fd003,full,confidence,seed,2,0.7,0.8757301401869159,0.0005002501250625312,11994,13696
cmapss_fd003,full,confidence,seed,2,0.75,0.8992406542056075,0.0005683663527119194,12316,13696
cmapss_fd003,full,confidence,seed,2,0.8,0.9242114485981309,0.0005530099541791753,12658,13696
cmapss_fd003,full,confidence,seed,2,0.85,0.943706191588785,0.0005415860735009671,12925,13696
cmapss_fd003,full,confidence,seed,2,0.9,0.9637850467289719,0.0006060606060606061,13200,13696
cmapss_fd003,full,confidence,seed,2,0.95,0.983498831775701,0.002524127691165553,13470,13696
cmapss_fd003,full,confidence,seed,2,1.0,1.0,0.011755257009345795,13696,13696
cmapss_fd003,full,mc_dropout,seed,3,0.5,0.7427716121495327,0.000491497100167109,10173,13696
cmapss_fd003,full,mc_dropout,seed,3,0.55,0.7762120327102804,0.0005643871695983444,10631,13696
cmapss_fd003,full,mc_dropout,seed,3,0.6,0.8097984813084113,0.0005409791723018664,11091,13696
cmapss_fd003,full,mc_dropout,seed,3,0.65,0.8387850467289719,0.0005222841225626741,11488,13696
cmapss_fd003,full,mc_dropout,seed,3,0.7,0.8670414719626168,0.0006736842105263158,11875,13696
cmapss_fd003,full,mc_dropout,seed,3,0.75,0.8944947429906542,0.0007346339074361277,12251,13696
cmapss_fd003,full,mc_dropout,seed,3,0.8,0.9216559579439252,0.0007922047056959518,12623,13696
cmapss_fd003,full,mc_dropout,seed,3,0.85,0.9464807242990654,0.0012342821877651777,12963,13696
cmapss_fd003,full,mc_dropout,seed,3,0.9,0.9678008177570093,0.002036967182195398,13255,13696
cmapss_fd003,full,mc_dropout,seed,3,0.95,0.9862003504672897,0.007477604205226919,13507,13696
cmapss_fd003,full,mc_dropout,seed,3,1.0,1.0,0.011098130841121495,13696,13696
cmapss_fd003,full,confidence,seed,3,0.5,0.7594918224299065,0.0005768121515093252,10402,13696
cmapss_fd003,full,confidence,seed,3,0.55,0.7955607476635514,0.0005506607929515419,10896,13696
cmapss_fd003,full,confidence,seed,3,0.6,0.829001168224299,0.0005284481240091598,11354,13696
cmapss_fd003,full,confidence,seed,3,0.65,0.8620035046728972,0.0005082161612739285,11806,13696
cmapss_fd003,full,confidence,seed,3,0.7,0.8839807242990654,0.0004955810688031717,12107,13696
cmapss_fd003,full,confidence,seed,3,0.75,0.9086594626168224,0.0004821213338690237,12445,13696
cmapss_fd003,full,confidence,seed,3,0.8,0.9323890186915887,0.000548159749412686,12770,13696
cmapss_fd003,full,confidence,seed,3,0.85,0.9513726635514018,0.000920951650038373,13030,13696
cmapss_fd003,full,confidence,seed,3,0.9,0.9685309579439252,0.0018846588767433095,13265,13696
cmapss_fd003,full,confidence,seed,3,0.95,0.9869304906542056,0.00754605311829548,13517,13696
cmapss_fd003,full,confidence,seed,3,1.0,1.0,0.011098130841121495,13696,13696
cmapss_fd003,full,mc_dropout,seed,4,0.5,0.7283878504672897,0.00010024057738572574,9976,13696
cmapss_fd003,full,mc_dropout,seed,4,0.55,0.7692026869158879,9.492168960607498e-05,10535,13696
cmapss_fd003,full,mc_dropout,seed,4,0.6,0.8114778037383178,0.00035990642432967427,11114,13696
cmapss_fd003,full,mc_dropout,seed,4,0.65,0.8493720794392523,0.00034384939396544313,11633,13696
cmapss_fd003,full,mc_dropout,seed,4,0.7,0.8857330607476636,0.000329733740004946,12131,13696
cmapss_fd003,full,mc_dropout,seed,4,0.75,0.9142085280373832,0.0003194633016532226,12521,13696
cmapss_fd003,full,mc_dropout,seed,4,0.8,0.9385952102803738,0.00038895371450797355,12855,13696
cmapss_fd003,full,mc_dropout,seed,4,0.85,0.9529059579439252,0.00045973488621561565,13051,13696
cmapss_fd003,full,mc_dropout,seed,4,0.9,0.9684579439252337,0.0009047044632086852,13264,13696
cmapss_fd003,full,mc_dropout,seed,4,0.95,0.9855432242990654,0.002889316935842347,13498,13696
cmapss_fd003,full,mc_dropout,seed,4,1.0,1.0,0.008250584112149533,13696,13696
cmapss_fd003,full,confidence,seed,4,0.5,0.740070093457944,0.0001973164956590371,10136,13696
cmapss_fd003,full,confidence,seed,4,0.55,0.7798627336448598,0.0002808725774740193,10681,13696
cmapss_fd003,full,confidence,seed,4,0.6,0.8208966121495327,0.0002668326958996709,11243,13696
cmapss_fd003,full,confidence,seed,4,0.65,0.852438668224299,0.00034261241970021415,11675,13696
cmapss_fd003,full,confidence,seed,4,0.7,0.8879964953271028,0.000328893274132544,12162,13696
cmapss_fd003,full,confidence,seed,4,0.75,0.9209258177570093,0.00031713311662570366,12613,13696
cmapss_fd003,full,confidence,seed,4,0.8,0.9401285046728972,0.0003883193538365952,12876,13696
cmapss_fd003,full,confidence,seed,4,0.85,0.9540741822429907,0.0003826432999158185,13067,13696
cmapss_fd003,full,confidence,seed,4,0.9,0.9699182242990654,0.0008280638361939175,13284,13696
cmapss_fd003,full,confidence,seed,4,0.95,0.9857622663551402,0.0029627435004814457,13501,13696
cmapss_fd003,full,confidence,seed,4,1.0,1.0,0.008250584112149533,13696,13696
cmapss_fd003,full,mc_dropout,seed,5,0.5,0.7254672897196262,0.0,9936,13696
cmapss_fd003,full,mc_dropout,seed,5,0.55,0.7627774532710281,9.572125969177755e-05,10447,13696
cmapss_fd003,full,mc_dropout,seed,5,0.6,0.7992844626168224,0.0002740476842970677,10947,13696
cmapss_fd003,full,mc_dropout,seed,5,0.65,0.8370327102803738,0.0003489183531053733,11464,13696
cmapss_fd003,full,mc_dropout,seed,5,0.7,0.8709842289719626,0.0003353172939894375,11929,13696
cmapss_fd003,full,mc_dropout,seed,5,0.75,0.9033294392523364,0.00032331070158422246,12372,13696
cmapss_fd003,full,mc_dropout,seed,5,0.8,0.9308557242990654,0.0003137500980469056,12749,13696
cmapss_fd003,full,mc_dropout,seed,5,0.85,0.9499853971962616,0.0003842902159711014,13011,13696
cmapss_fd003,full,mc_dropout,seed,5,0.9,0.967143691588785,0.0012079118224369622,13246,13696
cmapss_fd003,full,mc_dropout,seed,5,0.95,0.9828417056074766,0.0028972587474927567,13461,13696
cmapss_fd003,full,mc_dropout,seed,5,1.0,1.0,0.010441004672897197,13696,13696
cmapss_fd003,full,confidence,seed,5,0.5,0.710061331775701,0.0,9725,13696
cmapss_fd003,full,confidence,seed,5,0.55,0.7517523364485982,0.00019425019425019425,10296,13696
cmapss_fd003,full,confidence,seed,5,0.6,0.795998831775701,0.000275178866263071,10902,13696
cmapss_fd003,full,confidence,seed,5,0.65,0.8366676401869159,0.000261802949646566,11459,13696
cmapss_fd003,full,confidence,seed,5,0.7,0.8763142523364486,0.0003332777870354941,12002,13696
cmapss_fd003,full,confidence,seed,5,0.75,0.908367406542056,0.0003215175628968732,12441,13696
cmapss_fd003,full,confidence,seed,5,0.8,0.9322429906542056,0.0003132832080200501,12768,13696
cmapss_fd003,full,confidence,seed,5,0.85,0.951518691588785,0.000383670963781461,13032,13696
cmapss_fd003,full,confidence,seed,5,0.9,0.9678008177570093,0.001131648434552999,13255,13696
cmapss_fd003,full,confidence,seed,5,0.95,0.9829877336448598,0.0028225506944960263,13463,13696
cmapss_fd003,full,confidence,seed,5,1.0,1.0,0.010441004672897197,13696,13696
cmapss_fd003,full,seed_ensemble,ensemble,0,0.5,0.7464223130841121,0.0,10223,13696
cmapss_fd003,full,seed_ensemble,ensemble,0,0.55,0.7892085280373832,0.0,10809,13696
cmapss_fd003,full,seed_ensemble,ensemble,0,0.6,0.8276139018691588,0.0,11335,13696
cmapss_fd003,full,seed_ensemble,ensemble,0,0.65,0.8611273364485982,0.0,11794,13696
cmapss_fd003,full,seed_ensemble,ensemble,0,0.7,0.8910630841121495,0.0,12204,13696
cmapss_fd003,full,seed_ensemble,ensemble,0,0.75,0.9123831775700935,0.0,12496,13696
cmapss_fd003,full,seed_ensemble,ensemble,0,0.8,0.9304176401869159,7.847445656438829e-05,12743,13696
cmapss_fd003,full,seed_ensemble,ensemble,0,0.85,0.9450204439252337,7.726184037703778e-05,12943,13696
cmapss_fd003,full,seed_ensemble,ensemble,0,0.9,0.961813668224299,0.0003036514081834055,13173,13696
cmapss_fd003,full,seed_ensemble,ensemble,0,0.95,0.9826226635514018,0.0033437360677663844,13458,13696
cmapss_fd003,full,seed_ensemble,ensemble,0,1.0,1.0,0.009564836448598131,13696,13696
cmapss_fd003,proposed_lite,mc_dropout,seed,1,0.5,0.704366238317757,0.0004146366746138696,9647,13696
cmapss_fd003,proposed_lite,mc_dropout,seed,1,0.55,0.7532856308411215,0.0004846370068818455,10317,13696
cmapss_fd003,proposed_lite,mc_dropout,seed,1,0.6,0.7997225467289719,0.0005477951246233908,10953,13696
cmapss_fd003,proposed_lite,mc_dropout,seed,1,0.65,0.8379088785046729,0.0006971070059254096,11476,13696
cmapss_fd003,proposed_lite,mc_dropout,seed,1,0.7,0.8720794392523364,0.000753516409912927,11944,13696
cmapss_fd003,proposed_lite,mc_dropout,seed,1,0.75,0.9039135514018691,0.0008077544426494346,12380,13696
cmapss_fd003,proposed_lite,mc_dropout,seed,1,0.8,0.9240654205607477,0.0012642225031605564,12656,13696
cmapss_fd003,proposed_lite,mc_dropout,seed,1,0.85,0.9410046728971962,0.0022501551831160768,12888,13696
cmapss_fd003,proposed_lite,mc_dropout,seed,1,0.9,0.9591851635514018,0.004567252797442339,13137,13696
cmapss_fd003,proposed_lite,mc_dropout,seed,1,0.95,0.9780957943925234,0.007166318303971335,13396,13696
cmapss_fd003,proposed_lite,mc_dropout,seed,1,1.0,1.0,0.013434579439252336,13696,13696
cmapss_fd003,proposed_lite,confidence,seed,1,0.5,0.710572429906542,0.00030826140567200987,9732,13696
cmapss_fd003,proposed_lite,confidence,seed,1,0.55,0.7548919392523364,0.0004836057645807138,10339,13696
cmapss_fd003,proposed_lite,confidence,seed,1,0.6,0.8045414719626168,0.0005445140212360468,11019,13696
cmapss_fd003,proposed_lite,confidence,seed,1,0.65,0.8505403037383178,0.0006009099493518757,11649,13696
cmapss_fd003,proposed_lite,confidence,seed,1,0.7,0.8808411214953271,0.0007460212201591511,12064,13696
cmapss_fd003,proposed_lite,confidence,seed,1,0.75,0.9077102803738317,0.0007239382239382239,12432,13696
cmapss_fd003,proposed_lite,confidence,seed,1,0.8,0.9253066588785047,0.0010258028880296695,12673,13696
cmapss_fd003,proposed_lite,confidence,seed,1,0.85,0.9424649532710281,0.0019367833901456461,12908,13696
cmapss_fd003,proposed_lite,confidence,seed,1,0.9,0.959331191588785,0.0037293553542887587,13139,13696
cmapss_fd003,proposed_lite,confidence,seed,1,0.95,0.9800671728971962,0.007077404455039857,13423,13696
cmapss_fd003,proposed_lite,confidence,seed,1,1.0,1.0,0.013434579439252336,13696,13696
cmapss_fd003,proposed_lite,mc_dropout,seed,2,0.5,0.6874269859813084,0.00021242697822623473,9415,13696
cmapss_fd003,proposed_lite,mc_dropout,seed,2,0.55,0.7338639018691588,0.00039797035120883495,10051,13696
cmapss_fd003,proposed_lite,mc_dropout,seed,2,0.6,0.7748247663551402,0.0003769317753486619,10612,13696
cmapss_fd003,proposed_lite,mc_dropout,seed,2,0.65,0.811258761682243,0.00036000360003600034,11111,13696
cmapss_fd003,proposed_lite,mc_dropout,seed,2,0.7,0.8455023364485982,0.0005181347150259067,11580,13696
cmapss_fd003,proposed_lite,mc_dropout,seed,2,0.75,0.8786507009345794,0.0006647831145088915,12034,13696
cmapss_fd003,proposed_lite,mc_dropout,seed,2,0.8,0.906615070093458,0.0009664170089393573,12417,13696
cmapss_fd003,proposed_lite,mc_dropout,seed,2,0.85,0.9351635514018691,0.0018738288569643974,12808,13696
cmapss_fd003,proposed_lite,mc_dropout,seed,2,0.9,0.960572429906542,0.0031164487686226815,13156,13696
cmapss_fd003,proposed_lite,mc_dropout,seed,2,0.95,0.9814544392523364,0.0057283142389525366,13442,13696
cmapss_fd003,proposed_lite,mc_dropout,seed,2,1.0,1.0,0.011317172897196262,13696,13696
cmapss_fd003,proposed_lite,confidence,seed,2,0.5,0.7128358644859814,0.00010242753252074157,9763,13696
cmapss_fd003,proposed_lite,confidence,seed,2,0.55,0.7583966121495327,0.0002888225666698758,10387,13696
cmapss_fd003,proposed_lite,confidence,seed,2,0.6,0.8051255841121495,0.0002720594903418881,11027,13696
cmapss_fd003,proposed_lite,confidence,seed,2,0.65,0.841267523364486,0.00026037146328762367,11522,13696
cmapss_fd003,proposed_lite,confidence,seed,2,0.7,0.876606308411215,0.0004164584374479427,12006,13696
cmapss_fd003,proposed_lite,confidence,seed,2,0.75,0.9001168224299065,0.0004055807916937054,12328,13696
cmapss_fd003,proposed_lite,confidence,seed,2,0.8,0.9208528037383178,0.0005550269584522677,12612,13696
cmapss_fd003,proposed_lite,confidence,seed,2,0.85,0.9407856308411215,0.0010089251067132324,12885,13696
cmapss_fd003,proposed_lite,confidence,seed,2,0.9,0.9598422897196262,0.0022820629849383844,13146,13696
cmapss_fd003,proposed_lite,confidence,seed,2,0.95,0.9820385514018691,0.00587360594795539,13450,13696
cmapss_fd003,proposed_lite,confidence,seed,2,1.0,1.0,0.011317172897196262,13696,13696
cmapss_fd003,proposed_lite,mc_dropout,seed,3,0.5,0.7567903037383178,0.0002894356005788712,10365,13696
cmapss_fd003,proposed_lite,mc_dropout,seed,3,0.55,0.7975321261682243,0.0003661997619701547,10923,13696
cmapss_fd003,proposed_lite,mc_dropout,seed,3,0.6,0.8386390186915887,0.0004353125544140693,11486,13696
cmapss_fd003,proposed_lite,mc_dropout,seed,3,0.65,0.8734667056074766,0.00041795536236729916,11963,13696
cmapss_fd003,proposed_lite,mc_dropout,seed,3,0.7,0.9047167056074766,0.000403518682915019,12391,13696
cmapss_fd003,proposed_lite,mc_dropout,seed,3,0.75,0.932169976635514,0.00039163468316754133,12767,13696
cmapss_fd003,proposed_lite,mc_dropout,seed,3,0.8,0.9520297897196262,0.00046015798757573434,13039,13696
cmapss_fd003,proposed_lite,mc_dropout,seed,3,0.85,0.9620327102803738,0.0006071645415907711,13176,13696
cmapss_fd003,proposed_lite,mc_dropout,seed,3,0.9,0.970356308411215,0.0009029345372460496,13290,13696
cmapss_fd003,proposed_lite,mc_dropout,seed,3,0.95,0.984740070093458,0.0034848372506858455,13487,13696
cmapss_fd003,proposed_lite,mc_dropout,seed,3,1.0,1.0,0.01022196261682243,13696,13696
cmapss_fd003,proposed_lite,confidence,seed,3,0.5,0.7578855140186916,0.00028901734104046245,10380,13696
cmapss_fd003,proposed_lite,confidence,seed,3,0.55,0.803446261682243,0.0003635041802980734,11004,13696
cmapss_fd003,proposed_lite,confidence,seed,3,0.6,0.8447721962616822,0.00034572169403630077,11570,13696
cmapss_fd003,proposed_lite,confidence,seed,3,0.65,0.8828125,0.0004135307253328922,12091,13696
cmapss_fd003,proposed_lite,confidence,seed,3,0.7,0.9088785046728972,0.00040167095115681235,12448,13696
cmapss_fd003,proposed_lite,confidence,seed,3,0.75,0.9299795560747663,0.0003925571170605323,12737,13696
cmapss_fd003,proposed_lite,confidence,seed,3,0.8,0.946553738317757,0.00038568343103980254,12964,13696
cmapss_fd003,proposed_lite,confidence,seed,3,0.85,0.958820093457944,0.00045689917758148037,13132,13696
cmapss_fd003,proposed_lite,confidence,seed,3,0.9,0.9689690420560748,0.0006028181749679753,13271,13696
cmapss_fd003,proposed_lite,confidence,seed,3,0.95,0.9829147196261683,0.0027484771950675975,13462,13696
cmapss_fd003,proposed_lite,confidence,seed,3,1.0,1.0,0.01022196261682243,13696,13696
cmapss_fd003,proposed_lite,mc_dropout,seed,4,0.5,0.7145882009345794,0.0,9787,13696
cmapss_fd003,proposed_lite,mc_dropout,seed,4,0.55,0.7646758177570093,0.0,10473,13696
cmapss_fd003,proposed_lite,mc_dropout,seed,4,0.6,0.8076810747663551,9.03995660820828e-05,11062,13696
cmapss_fd003,proposed_lite,mc_dropout,seed,4,0.65,0.845356308411215,8.637070305752289e-05,11578,13696
cmapss_fd003,proposed_lite,mc_dropout,seed,4,0.7,0.8785046728971962,8.311170212765957e-05,12032,13696
cmapss_fd003,proposed_lite,mc_dropout,seed,4,0.75,0.9050817757009346,0.00016134236850596966,12396,13696
cmapss_fd003,proposed_lite,mc_dropout,seed,4,0.8,0.927205023364486,0.00015749271596188677,12699,13696
cmapss_fd003,proposed_lite,mc_dropout,seed,4,0.85,0.944947429906542,0.0003090712409210323,12942,13696
cmapss_fd003,proposed_lite,mc_dropout,seed,4,0.9,0.9624707943925234,0.002048247610377788,13182,13696
cmapss_fd003,proposed_lite,mc_dropout,seed,4,0.95,0.9799941588785047,0.006109372671732976,13422,13696
cmapss_fd003,proposed_lite,mc_dropout,seed,4,1.0,1.0,0.012850467289719626,13696,13696
cmapss_fd003,proposed_lite,confidence,seed,4,0.5,0.7102073598130841,0.0,9727,13696
cmapss_fd003,proposed_lite,confidence,seed,4,0.55,0.7535046728971962,0.0,10320,13696
cmapss_fd003,proposed_lite,confidence,seed,4,0.6,0.8056366822429907,0.0,11034,13696
cmapss_fd003,proposed_lite,confidence,seed,4,0.65,0.849080023364486,8.599191675982457e-05,11629,13696
cmapss_fd003,proposed_lite,confidence,seed,4,0.7,0.881936331775701,8.278831029058697e-05,12079,13696
cmapss_fd003,proposed_lite,confidence,seed,4,0.75,0.9025262850467289,8.08996035919424e-05,12361,13696
cmapss_fd003,proposed_lite,confidence,seed,4,0.8,0.9242844626168224,0.00015799036258788213,12659,13696
cmapss_fd003,proposed_lite,confidence,seed,4,0.85,0.9434871495327103,0.00030954960532425323,12922,13696
cmapss_fd003,proposed_lite,confidence,seed,4,0.9,0.9614485981308412,0.0012910085054678008,13168,13696
cmapss_fd003,proposed_lite,confidence,seed,4,0.95,0.9805782710280374,0.005286671630677587,13430,13696
cmapss_fd003,proposed_lite,confidence,seed,4,1.0,1.0,0.012850467289719626,13696,13696
cmapss_fd003,proposed_lite,mc_dropout,seed,5,0.5,0.7651139018691588,0.0006680026720106881,10479,13696
cmapss_fd003,proposed_lite,mc_dropout,seed,5,0.55,0.795998831775701,0.000642084021280499,10902,13696
cmapss_fd003,proposed_lite,mc_dropout,seed,5,0.6,0.8268107476635514,0.0006181561285764748,11324,13696
cmapss_fd003,proposed_lite,mc_dropout,seed,5,0.65,0.8542640186915887,0.0005982905982905983,11700,13696
cmapss_fd003,proposed_lite,mc_dropout,seed,5,0.7,0.8752190420560748,0.0006673896721448235,11987,13696
cmapss_fd003,proposed_lite,mc_dropout,seed,5,0.75,0.898072429906542,0.0006504065040650406,12300,13696
cmapss_fd003,proposed_lite,mc_dropout,seed,5,0.8,0.920268691588785,0.0007140590288797207,12604,13696
cmapss_fd003,proposed_lite,mc_dropout,seed,5,0.85,0.9426109813084113,0.0010069713400464755,12910,13696
cmapss_fd003,proposed_lite,mc_dropout,seed,5,0.9,0.9664135514018691,0.0018887881535207011,13236,13696
cmapss_fd003,proposed_lite,mc_dropout,seed,5,0.95,0.9846670560747663,0.0064511345098620795,13486,13696
cmapss_fd003,proposed_lite,mc_dropout,seed,5,1.0,1.0,0.014529789719626169,13696,13696
cmapss_fd003,proposed_lite,confidence,seed,5,0.5,0.7636536214953271,0.0005736686107658476,10459,13696
cmapss_fd003,proposed_lite,confidence,seed,5,0.55,0.7954147196261683,0.0006425555351569671,10894,13696
cmapss_fd003,proposed_lite,confidence,seed,5,0.6,0.8279789719626168,0.0006172839506172839,11340,13696
cmapss_fd003,proposed_lite,confidence,seed,5,0.65,0.8526577102803738,0.0005994177085117315,11678,13696
cmapss_fd003,proposed_lite,confidence,seed,5,0.7,0.8787237149532711,0.0005816368923971749,12035,13696
cmapss_fd003,proposed_lite,confidence,seed,5,0.75,0.9025262850467289,0.0005662972251435968,12361,13696
cmapss_fd003,proposed_lite,confidence,seed,5,0.8,0.9207067757009346,0.0006344171292624901,12610,13696
cmapss_fd003,proposed_lite,confidence,seed,5,0.85,0.9410776869158879,0.0007758553805570642,12889,13696
cmapss_fd003,proposed_lite,confidence,seed,5,0.9,0.9638580607476636,0.0018937959245511704,13201,13696
cmapss_fd003,proposed_lite,confidence,seed,5,0.95,0.9836448598130841,0.005492874109263658,13472,13696
cmapss_fd003,proposed_lite,confidence,seed,5,1.0,1.0,0.014529789719626169,13696,13696
cmapss_fd003,proposed_lite,seed_ensemble,ensemble,0,0.5,0.7372955607476636,9.902951079421667e-05,10098,13696
cmapss_fd003,proposed_lite,seed_ensemble,ensemble,0,0.55,0.7867990654205608,9.279881217520415e-05,10776,13696
cmapss_fd003,proposed_lite,seed_ensemble,ensemble,0,0.6,0.8290741822429907,8.806693086745927e-05,11355,13696
cmapss_fd003,proposed_lite,seed_ensemble,ensemble,0,0.65,0.8630257009345794,8.460236886632826e-05,11820,13696
cmapss_fd003,proposed_lite,seed_ensemble,ensemble,0,0.7,0.8847838785046729,8.252186829509821e-05,12118,13696
cmapss_fd003,proposed_lite,seed_ensemble,ensemble,0,0.75,0.9015040887850467,0.00016198266785453957,12347,13696
cmapss_fd003,proposed_lite,seed_ensemble,ensemble,0,0.8,0.9188084112149533,0.00023839796567069293,12584,13696
cmapss_fd003,proposed_lite,seed_ensemble,ensemble,0,0.85,0.9369889018691588,0.0008571651211719785,12833,13696
cmapss_fd003,proposed_lite,seed_ensemble,ensemble,0,0.9,0.9610835280373832,0.002507027273417914,13163,13696
cmapss_fd003,proposed_lite,seed_ensemble,ensemble,0,0.95,0.9797751168224299,0.004545793278187644,13419,13696
cmapss_fd003,proposed_lite,seed_ensemble,ensemble,0,1.0,1.0,0.010441004672897197,13696,13696
xjtu,full,mc_dropout,seed,1,0.5,0.39,0.38782051282051283,312,800
xjtu,full,mc_dropout,seed,1,0.55,0.44375,0.38309859154929576,355,800
xjtu,full,mc_dropout,seed,1,0.6,0.50625,0.37037037037037035,405,800
xjtu,full,mc_dropout,seed,1,0.65,0.56875,0.35384615384615387,455,800
xjtu,full,mc_dropout,seed,1,0.7,0.6125,0.35306122448979593,490,800
xjtu,full,mc_dropout,seed,1,0.75,0.66875,0.3401869158878505,535,800
xjtu,full,mc_dropout,seed,1,0.8,0.73125,0.3264957264957265,585,800
xjtu,full,mc_dropout,seed,1,0.85,0.79,0.3322784810126582,632,800
xjtu,full,mc_dropout,seed,1,0.9,0.865,0.3208092485549133,692,800
xjtu,full,mc_dropout,seed,1,0.95,0.91125,0.31550068587105623,729,800
xjtu,full,mc_dropout,seed,1,1.0,1.0,0.3025,800,800
xjtu,full,confidence,seed,1,0.5,0.64375,0.3864077669902913,515,800
xjtu,full,confidence,seed,1,0.55,0.69125,0.3707052441229656,553,800
xjtu,full,confidence,seed,1,0.6,0.7425,0.35858585858585856,594,800
xjtu,full,confidence,seed,1,0.65,0.82625,0.34190620272314676,661,800
xjtu,full,confidence,seed,1,0.7,0.975,0.2948717948717949,780,800
xjtu,full,confidence,seed,1,0.75,0.9775,0.29539641943734013,782,800
xjtu,full,confidence,seed,1,0.8,0.9775,0.29539641943734013,782,800
xjtu,full,confidence,seed,1,0.85,0.98,0.29591836734693877,784,800
xjtu,full,confidence,seed,1,0.9,0.98375,0.29733163913595934,787,800
xjtu,full,confidence,seed,1,0.95,0.99,0.29924242424242425,792,800
xjtu,full,confidence,seed,1,1.0,1.0,0.3025,800,800
xjtu,full,mc_dropout,seed,2,0.5,0.41125,0.3981762917933131,329,800
xjtu,full,mc_dropout,seed,2,0.55,0.45375,0.3884297520661157,363,800
xjtu,full,mc_dropout,seed,2,0.6,0.49875,0.37343358395989973,399,800
xjtu,full,mc_dropout,seed,2,0.65,0.56125,0.35412026726057905,449,800
xjtu,full,mc_dropout,seed,2,0.7,0.62125,0.3440643863179074,497,800
xjtu,full,mc_dropout,seed,2,0.75,0.6725,0.34014869888475835,538,800
xjtu,full,mc_dropout,seed,2,0.8,0.72875,0.3241852487135506,583,800
xjtu,full,mc_dropout,seed,2,0.85,0.78625,0.32114467408585057,629,800
xjtu,full,mc_dropout,seed,2,0.9,0.855,0.3084795321637427,684,800
xjtu,full,mc_dropout,seed,2,0.95,0.91875,0.2925170068027211,735,800
xjtu,full,mc_dropout,seed,2,1.0,1.0,0.2825,800,800
xjtu,full,confidence,seed,2,0.5,0.9625,0.274025974025974,770,800
xjtu,full,confidence,seed,2,0.55,0.97875,0.27458492975734355,783,800
xjtu,full,confidence,seed,2,0.6,0.98625,0.2788339670468948,789,800
xjtu,full,confidence,seed,2,0.65,0.9875,0.27974683544303797,790,800
xjtu,full,confidence,seed,2,0.7,0.98875,0.2806573957016435,791,800
xjtu,full,confidence,seed,2,0.75,0.98875,0.2806573957016435,791,800
xjtu,full,confidence,seed,2,0.8,0.99125,0.2812105926860025,793,800
xjtu,full,confidence,seed,2,0.85,0.99625,0.2823086574654956,797,800
xjtu,full,confidence,seed,2,0.9,0.99875,0.2828535669586984,799,800
xjtu,full,confidence,seed,2,0.95,0.99875,0.2828535669586984,799,800
xjtu,full,confidence,seed,2,1.0,1.0,0.2825,800,800
xjtu,full,mc_dropout,seed,3,0.5,0.4725,0.3783068783068783,378,800
xjtu,full,mc_dropout,seed,3,0.55,0.49875,0.37343358395989973,399,800
xjtu,full,mc_dropout,seed,3,0.6,0.5375,0.3627906976744186,430,800
xjtu,full,mc_dropout,seed,3,0.65,0.57125,0.35667396061269147,457,800
xjtu,full,mc_dropout,seed,3,0.7,0.62,0.3528225806451613,496,800
xjtu,full,mc_dropout,seed,3,0.75,0.66625,0.34709193245778613,533,800
xjtu,full,mc_dropout,seed,3,0.8,0.705,0.34929078014184395,564,800
xjtu,full,mc_dropout,seed,3,0.85,0.74125,0.33558178752107926,593,800
xjtu,full,mc_dropout,seed,3,0.9,0.79875,0.3286384976525822,639,800
xjtu,full,mc_dropout,seed,3,0.95,0.8675,0.30979827089337175,694,800
xjtu,full,mc_dropout,seed,3,1.0,1.0,0.28375,800,800
xjtu,full,confidence,seed,3,0.5,0.78875,0.3232963549920761,631,800
xjtu,full,confidence,seed,3,0.55,0.805,0.3245341614906832,644,800
xjtu,full,confidence,seed,3,0.6,0.81625,0.3215926493108729,653,800
xjtu,full,confidence,seed,3,0.65,0.84375,0.31407407407407406,675,800
xjtu,full,confidence,seed,3,0.7,0.865,0.3106936416184971,692,800
xjtu,full,confidence,seed,3,0.75,0.89,0.30196629213483145,712,800
xjtu,full,confidence,seed,3,0.8,0.91375,0.2982216142270862,731,800
xjtu,full,confidence,seed,3,0.85,0.935,0.2927807486631016,748,800
xjtu,full,confidence,seed,3,0.9,0.95875,0.288135593220339,767,800
xjtu,full,confidence,seed,3,0.95,0.97875,0.2848020434227331,783,800
xjtu,full,confidence,seed,3,1.0,1.0,0.28375,800,800
xjtu,full,mc_dropout,seed,4,0.5,0.735,0.1717687074829932,588,800
xjtu,full,mc_dropout,seed,4,0.55,0.7925,0.20977917981072555,634,800
xjtu,full,mc_dropout,seed,4,0.6,0.8325,0.22372372372372373,666,800
xjtu,full,mc_dropout,seed,4,0.65,0.86625,0.227994227994228,693,800
xjtu,full,mc_dropout,seed,4,0.7,0.89375,0.24335664335664337,715,800
xjtu,full,mc_dropout,seed,4,0.75,0.9175,0.25340599455040874,734,800
xjtu,full,mc_dropout,seed,4,0.8,0.93625,0.260347129506008,749,800
xjtu,full,mc_dropout,seed,4,0.85,0.95625,0.269281045751634,765,800
xjtu,full,mc_dropout,seed,4,0.9,0.97,0.2757731958762887,776,800
xjtu,full,mc_dropout,seed,4,0.95,0.98125,0.27770700636942675,785,800
xjtu,full,mc_dropout,seed,4,1.0,1.0,0.2825,800,800
xjtu,full,confidence,seed,4,0.5,0.87125,0.22812051649928264,697,800
xjtu,full,confidence,seed,4,0.55,0.92625,0.2564102564102564,741,800
xjtu,full,confidence,seed,4,0.6,0.96125,0.270481144343303,769,800
xjtu,full,confidence,seed,4,0.65,0.995,0.28015075376884424,796,800
xjtu,full,confidence,seed,4,0.7,0.99625,0.2810539523212045,797,800
xjtu,full,confidence,seed,4,0.75,0.99625,0.2810539523212045,797,800
xjtu,full,confidence,seed,4,0.8,0.99625,0.2810539523212045,797,800
xjtu,full,confidence,seed,4,0.85,0.99625,0.2810539523212045,797,800
xjtu,full,confidence,seed,4,0.9,0.99625,0.2810539523212045,797,800
xjtu,full,confidence,seed,4,0.95,0.9975,0.2819548872180451,798,800
xjtu,full,confidence,seed,4,1.0,1.0,0.2825,800,800
xjtu,full,mc_dropout,seed,5,0.5,0.38625,0.2621359223300971,309,800
xjtu,full,mc_dropout,seed,5,0.55,0.42625,0.26392961876832843,341,800
xjtu,full,mc_dropout,seed,5,0.6,0.48375,0.25839793281653745,387,800
xjtu,full,mc_dropout,seed,5,0.65,0.54875,0.26879271070615035,439,800
xjtu,full,mc_dropout,seed,5,0.7,0.61375,0.26883910386965376,491,800
xjtu,full,mc_dropout,seed,5,0.75,0.6675,0.2752808988764045,534,800
xjtu,full,mc_dropout,seed,5,0.8,0.74125,0.2765598650927487,593,800
xjtu,full,mc_dropout,seed,5,0.85,0.80625,0.27906976744186046,645,800
xjtu,full,mc_dropout,seed,5,0.9,0.85375,0.2752562225475842,683,800
xjtu,full,mc_dropout,seed,5,0.95,0.935,0.2767379679144385,748,800
xjtu,full,mc_dropout,seed,5,1.0,1.0,0.28625,800,800
xjtu,full,confidence,seed,5,0.5,0.94125,0.28286852589641437,753,800
xjtu,full,confidence,seed,5,0.55,0.9525,0.2795275590551181,762,800
xjtu,full,confidence,seed,5,0.6,0.96125,0.2795838751625488,769,800
xjtu,full,confidence,seed,5,0.65,0.96375,0.2788586251621271,771,800
xjtu,full,confidence,seed,5,0.7,0.97125,0.28185328185328185,777,800
xjtu,full,confidence,seed,5,0.75,0.975,0.28205128205128205,780,800
xjtu,full,confidence,seed,5,0.8,0.98,0.28316326530612246,784,800
xjtu,full,confidence,seed,5,0.85,0.985,0.28553299492385786,788,800
xjtu,full,confidence,seed,5,0.9,0.9925,0.28463476070528965,794,800
xjtu,full,confidence,seed,5,0.95,0.99625,0.2848180677540778,797,800
xjtu,full,confidence,seed,5,1.0,1.0,0.28625,800,800
xjtu,full,seed_ensemble,ensemble,0,0.5,0.9,0.2986111111111111,720,800
xjtu,full,seed_ensemble,ensemble,0,0.55,0.9025,0.29778393351800553,722,800
xjtu,full,seed_ensemble,ensemble,0,0.6,0.90375,0.29737206085753803,723,800
xjtu,full,seed_ensemble,ensemble,0,0.65,0.90625,0.296551724137931,725,800
xjtu,full,seed_ensemble,ensemble,0,0.7,0.91375,0.2954856361149111,731,800
xjtu,full,seed_ensemble,ensemble,0,0.75,0.9275,0.29514824797843664,742,800
xjtu,full,seed_ensemble,ensemble,0,0.8,0.935,0.29411764705882354,748,800
xjtu,full,seed_ensemble,ensemble,0,0.85,0.94,0.29521276595744683,752,800
xjtu,full,seed_ensemble,ensemble,0,0.9,0.94875,0.2977602108036891,759,800
xjtu,full,seed_ensemble,ensemble,0,0.95,0.95125,0.29697766097240474,761,800
xjtu,full,seed_ensemble,ensemble,0,1.0,1.0,0.2825,800,800
xjtu,proposed_lite,mc_dropout,seed,1,0.5,0.36125,0.4532871972318339,289,800
xjtu,proposed_lite,mc_dropout,seed,1,0.55,0.41875,0.43283582089552236,335,800
xjtu,proposed_lite,mc_dropout,seed,1,0.6,0.4825,0.40414507772020725,386,800
xjtu,proposed_lite,mc_dropout,seed,1,0.65,0.53,0.3891509433962264,424,800
xjtu,proposed_lite,mc_dropout,seed,1,0.7,0.595,0.3760504201680672,476,800
xjtu,proposed_lite,mc_dropout,seed,1,0.75,0.67625,0.3678373382624769,541,800
xjtu,proposed_lite,mc_dropout,seed,1,0.8,0.7575,0.35148514851485146,606,800
xjtu,proposed_lite,mc_dropout,seed,1,0.85,0.82625,0.3373676248108926,661,800
xjtu,proposed_lite,mc_dropout,seed,1,0.9,0.88625,0.32016925246826516,709,800
xjtu,proposed_lite,mc_dropout,seed,1,0.95,0.93875,0.3195739014647137,751,800
xjtu,proposed_lite,mc_dropout,seed,1,1.0,1.0,0.3125,800,800
xjtu,proposed_lite,confidence,seed,1,0.5,0.81625,0.34762633996937214,653,800
xjtu,proposed_lite,confidence,seed,1,0.55,0.89375,0.32447552447552447,715,800
xjtu,proposed_lite,confidence,seed,1,0.6,0.94875,0.310935441370224,759,800
xjtu,proposed_lite,confidence,seed,1,0.65,0.96,0.30859375,768,800
xjtu,proposed_lite,confidence,seed,1,0.7,0.96375,0.3099870298313878,771,800
xjtu,proposed_lite,confidence,seed,1,0.75,0.96875,0.3096774193548387,775,800
xjtu,proposed_lite,confidence,seed,1,0.8,0.9725,0.30848329048843187,778,800
xjtu,proposed_lite,confidence,seed,1,0.85,0.97625,0.3085787451984635,781,800
xjtu,proposed_lite,confidence,seed,1,0.9,0.98125,0.30828025477707005,785,800
xjtu,proposed_lite,confidence,seed,1,0.95,0.9875,0.310126582278481,790,800
xjtu,proposed_lite,confidence,seed,1,1.0,1.0,0.3125,800,800
xjtu,proposed_lite,mc_dropout,seed,2,0.5,0.53125,0.21411764705882352,425,800
xjtu,proposed_lite,mc_dropout,seed,2,0.55,0.5675,0.22687224669603523,454,800
xjtu,proposed_lite,mc_dropout,seed,2,0.6,0.5925,0.2320675105485232,474,800
xjtu,proposed_lite,mc_dropout,seed,2,0.65,0.63875,0.23874755381604695,511,800
xjtu,proposed_lite,mc_dropout,seed,2,0.7,0.68625,0.24043715846994534,549,800
xjtu,proposed_lite,mc_dropout,seed,2,0.75,0.73125,0.252991452991453,585,800
xjtu,proposed_lite,mc_dropout,seed,2,0.8,0.78375,0.2551834130781499,627,800
xjtu,proposed_lite,mc_dropout,seed,2,0.85,0.82,0.2606707317073171,656,800
xjtu,proposed_lite,mc_dropout,seed,2,0.9,0.87125,0.2682926829268293,697,800
xjtu,proposed_lite,mc_dropout,seed,2,0.95,0.94125,0.27091633466135456,753,800
xjtu,proposed_lite,mc_dropout,seed,2,1.0,1.0,0.28375,800,800
xjtu,proposed_lite,confidence,seed,2,0.5,0.805,0.3198757763975155,644,800
xjtu,proposed_lite,confidence,seed,2,0.55,0.81875,0.32061068702290074,655,800
xjtu,proposed_lite,confidence,seed,2,0.6,0.825,0.3212121212121212,660,800
xjtu,proposed_lite,confidence,seed,2,0.65,0.82875,0.3212669683257919,663,800
xjtu,proposed_lite,confidence,seed,2,0.7,0.83,0.3207831325301205,664,800
xjtu,proposed_lite,confidence,seed,2,0.75,0.83375,0.32083958020989506,667,800
xjtu,proposed_lite,confidence,seed,2,0.8,0.8375,0.3194029850746269,670,800
xjtu,proposed_lite,confidence,seed,2,0.85,0.8475,0.3185840707964602,678,800
xjtu,proposed_lite,confidence,seed,2,0.9,0.855,0.3157894736842105,684,800
xjtu,proposed_lite,confidence,seed,2,0.95,0.86,0.313953488372093,688,800
xjtu,proposed_lite,confidence,seed,2,1.0,1.0,0.28375,800,800
xjtu,proposed_lite,mc_dropout,seed,3,0.5,0.25125,0.263681592039801,201,800
xjtu,proposed_lite,mc_dropout,seed,3,0.55,0.32625,0.2681992337164751,261,800
xjtu,proposed_lite,mc_dropout,seed,3,0.6,0.42,0.27380952380952384,336,800
xjtu,proposed_lite,mc_dropout,seed,3,0.65,0.505,0.2747524752475248,404,800
xjtu,proposed_lite,mc_dropout,seed,3,0.7,0.5725,0.26419213973799127,458,800
xjtu,proposed_lite,mc_dropout,seed,3,0.75,0.635,0.265748031496063,508,800
xjtu,proposed_lite,mc_dropout,seed,3,0.8,0.7225,0.2768166089965398,578,800
xjtu,proposed_lite,mc_dropout,seed,3,0.85,0.805,0.2732919254658385,644,800
xjtu,proposed_lite,mc_dropout,seed,3,0.9,0.86625,0.2727272727272727,693,800
xjtu,proposed_lite,mc_dropout,seed,3,0.95,0.93625,0.2817089452603471,749,800
xjtu,proposed_lite,mc_dropout,seed,3,1.0,1.0,0.29375,800,800
xjtu,proposed_lite,confidence,seed,3,0.5,0.4925,0.5025380710659898,394,800
xjtu,proposed_lite,confidence,seed,3,0.55,0.54625,0.4668192219679634,437,800
xjtu,proposed_lite,confidence,seed,3,0.6,0.6525,0.4118773946360153,522,800
xjtu,proposed_lite,confidence,seed,3,0.65,0.80125,0.3494539781591264,641,800
xjtu,proposed_lite,confidence,seed,3,0.7,0.9375,0.304,750,800
xjtu,proposed_lite,confidence,seed,3,0.75,0.98375,0.29224904701397714,787,800
xjtu,proposed_lite,confidence,seed,3,0.8,0.98625,0.29277566539923955,789,800
xjtu,proposed_lite,confidence,seed,3,0.85,0.99125,0.2938209331651955,793,800
xjtu,proposed_lite,confidence,seed,3,0.9,0.995,0.29396984924623115,796,800
xjtu,proposed_lite,confidence,seed,3,0.95,0.99625,0.2936010037641154,797,800
xjtu,proposed_lite,confidence,seed,3,1.0,1.0,0.29375,800,800
xjtu,proposed_lite,mc_dropout,seed,4,0.5,0.33625,0.20817843866171004,269,800
xjtu,proposed_lite,mc_dropout,seed,4,0.55,0.38,0.22039473684210525,304,800
xjtu,proposed_lite,mc_dropout,seed,4,0.6,0.42,0.23214285714285715,336,800
xjtu,proposed_lite,mc_dropout,seed,4,0.65,0.48375,0.25839793281653745,387,800
xjtu,proposed_lite,mc_dropout,seed,4,0.7,0.55625,0.27415730337078653,445,800
xjtu,proposed_lite,mc_dropout,seed,4,0.75,0.595,0.28781512605042014,476,800
xjtu,proposed_lite,mc_dropout,seed,4,0.8,0.66625,0.29080675422138835,533,800
xjtu,proposed_lite,mc_dropout,seed,4,0.85,0.74,0.3108108108108108,592,800
xjtu,proposed_lite,mc_dropout,seed,4,0.9,0.80625,0.32558139534883723,645,800
xjtu,proposed_lite,mc_dropout,seed,4,0.95,0.8975,0.362116991643454,718,800
xjtu,proposed_lite,mc_dropout,seed,4,1.0,1.0,0.38,800,800
xjtu,proposed_lite,confidence,seed,4,0.5,0.575,0.5413043478260869,460,800
xjtu,proposed_lite,confidence,seed,4,0.55,0.58,0.5387931034482759,464,800
xjtu,proposed_lite,confidence,seed,4,0.6,0.58375,0.5396145610278372,467,800
xjtu,proposed_lite,confidence,seed,4,0.65,0.5925,0.5358649789029536,474,800
xjtu,proposed_lite,confidence,seed,4,0.7,0.6,0.53125,480,800
xjtu,proposed_lite,confidence,seed,4,0.75,0.6275,0.5258964143426295,502,800
xjtu,proposed_lite,confidence,seed,4,0.8,0.6525,0.5191570881226054,522,800
xjtu,proposed_lite,confidence,seed,4,0.85,0.71625,0.49214659685863876,573,800
xjtu,proposed_lite,confidence,seed,4,0.9,0.8025,0.45794392523364486,642,800
xjtu,proposed_lite,confidence,seed,4,0.95,0.9925,0.3790931989924433,794,800
xjtu,proposed_lite,confidence,seed,4,1.0,1.0,0.38,800,800
xjtu,proposed_lite,mc_dropout,seed,5,0.5,0.22875,0.07650273224043716,183,800
xjtu,proposed_lite,mc_dropout,seed,5,0.55,0.2825,0.11946902654867257,226,800
xjtu,proposed_lite,mc_dropout,seed,5,0.6,0.34,0.1323529411764706,272,800
xjtu,proposed_lite,mc_dropout,seed,5,0.65,0.4075,0.15030674846625766,326,800
xjtu,proposed_lite,mc_dropout,seed,5,0.7,0.46375,0.15633423180592992,371,800
xjtu,proposed_lite,mc_dropout,seed,5,0.75,0.52875,0.1702127659574468,423,800
xjtu,proposed_lite,mc_dropout,seed,5,0.8,0.61125,0.19222903885480572,489,800
xjtu,proposed_lite,mc_dropout,seed,5,0.85,0.69125,0.21338155515370705,553,800
xjtu,proposed_lite,mc_dropout,seed,5,0.9,0.7625,0.22459016393442624,610,800
xjtu,proposed_lite,mc_dropout,seed,5,0.95,0.875,0.2571428571428571,700,800
xjtu,proposed_lite,mc_dropout,seed,5,1.0,1.0,0.28875,800,800
xjtu,proposed_lite,confidence,seed,5,0.5,0.83375,0.3238380809595202,667,800
xjtu,proposed_lite,confidence,seed,5,0.55,0.8425,0.3249258160237389,674,800
xjtu,proposed_lite,confidence,seed,5,0.6,0.8575,0.3236151603498542,686,800
xjtu,proposed_lite,confidence,seed,5,0.65,0.8725,0.3223495702005731,698,800
xjtu,proposed_lite,confidence,seed,5,0.7,0.9775,0.29028132992327366,782,800
xjtu,proposed_lite,confidence,seed,5,0.75,0.99375,0.2880503144654088,795,800
xjtu,proposed_lite,confidence,seed,5,0.8,0.99625,0.28732747804265996,797,800
xjtu,proposed_lite,confidence,seed,5,0.85,0.9975,0.2882205513784461,798,800
xjtu,proposed_lite,confidence,seed,5,0.9,0.9975,0.2882205513784461,798,800
xjtu,proposed_lite,confidence,seed,5,0.95,1.0,0.28875,800,800
xjtu,proposed_lite,confidence,seed,5,1.0,1.0,0.28875,800,800
xjtu,proposed_lite,seed_ensemble,ensemble,0,0.5,0.45125,0.5069252077562327,361,800
xjtu,proposed_lite,seed_ensemble,ensemble,0,0.55,0.4825,0.4896373056994819,386,800
xjtu,proposed_lite,seed_ensemble,ensemble,0,0.6,0.55125,0.4489795918367347,441,800
xjtu,proposed_lite,seed_ensemble,ensemble,0,0.65,0.63,0.4087301587301587,504,800
xjtu,proposed_lite,seed_ensemble,ensemble,0,0.7,0.7575,0.3547854785478548,606,800
xjtu,proposed_lite,seed_ensemble,ensemble,0,0.75,0.7675,0.3550488599348534,614,800
xjtu,proposed_lite,seed_ensemble,ensemble,0,0.8,0.77125,0.3565640194489465,617,800
xjtu,proposed_lite,seed_ensemble,ensemble,0,0.85,0.77875,0.3563402889245586,623,800
xjtu,proposed_lite,seed_ensemble,ensemble,0,0.9,0.78375,0.35406698564593303,627,800
xjtu,proposed_lite,seed_ensemble,ensemble,0,0.95,0.7875,0.3523809523809524,630,800
xjtu,proposed_lite,seed_ensemble,ensemble,0,1.0,1.0,0.28375,800,800
ur3,full,mc_dropout,seed,1,0.5,0.4787234042553192,0.2574074074074074,540,1128
ur3,full,mc_dropout,seed,1,0.55,0.523936170212766,0.26903553299492383,591,1128
ur3,full,mc_dropout,seed,1,0.6,0.5682624113475178,0.2745709828393136,641,1128
ur3,full,mc_dropout,seed,1,0.65,0.62322695035461,0.283072546230441,703,1128
ur3,full,mc_dropout,seed,1,0.7,0.674645390070922,0.2943495400788436,761,1128
ur3,full,mc_dropout,seed,1,0.75,0.7118794326241135,0.3013698630136986,803,1128
ur3,full,mc_dropout,seed,1,0.8,0.7810283687943262,0.3178206583427923,881,1128
ur3,full,mc_dropout,seed,1,0.85,0.8271276595744681,0.3279742765273312,933,1128
ur3,full,mc_dropout,seed,1,0.9,0.8945035460992907,0.3389494549058474,1009,1128
ur3,full,mc_dropout,seed,1,0.95,0.9539007092198581,0.36059479553903345,1076,1128
ur3,full,mc_dropout,seed,1,1.0,1.0,0.374113475177305,1128,1128
ur3,full,confidence,seed,1,0.5,0.3670212765957447,0.04589371980676329,414,1128
ur3,full,confidence,seed,1,0.55,0.41134751773049644,0.05172413793103448,464,1128
ur3,full,confidence,seed,1,0.6,0.450354609929078,0.05708661417322835,508,1128
ur3,full,confidence,seed,1,0.65,0.50177304964539,0.0812720848056537,566,1128
ur3,full,confidence,seed,1,0.7,0.5540780141843972,0.1056,625,1128
ur3,full,confidence,seed,1,0.75,0.6320921985815603,0.16129032258064516,713,1128
ur3,full,confidence,seed,1,0.8,0.7101063829787234,0.23470661672908863,801,1128
ur3,full,confidence,seed,1,0.85,0.7872340425531915,0.28153153153153154,888,1128
ur3,full,confidence,seed,1,0.9,0.8546099290780141,0.31431535269709543,964,1128
ur3,full,confidence,seed,1,0.95,0.9441489361702128,0.3464788732394366,1065,1128
ur3,full,confidence,seed,1,1.0,1.0,0.374113475177305,1128,1128
ur3,full,mc_dropout,seed,2,0.5,0.5115248226950354,0.22530329289428075,577,1128
ur3,full,mc_dropout,seed,2,0.55,0.5806737588652482,0.24427480916030533,655,1128
ur3,full,mc_dropout,seed,2,0.6,0.6338652482269503,0.26153846153846155,715,1128
ur3,full,mc_dropout,seed,2,0.65,0.6737588652482269,0.275,760,1128
ur3,full,mc_dropout,seed,2,0.7,0.7278368794326241,0.2850182704019488,821,1128
ur3,full,mc_dropout,seed,2,0.75,0.7774822695035462,0.3055872291904219,877,1128
ur3,full,mc_dropout,seed,2,0.8,0.8191489361702128,0.3106060606060606,924,1128
ur3,full,mc_dropout,seed,2,0.85,0.8696808510638298,0.32619775739041795,981,1128
ur3,full,mc_dropout,seed,2,0.9,0.925531914893617,0.33620689655172414,1044,1128
ur3,full,mc_dropout,seed,2,0.95,0.9698581560283688,0.350091407678245,1094,1128
ur3,full,mc_dropout,seed,2,1.0,1.0,0.3537234042553192,1128,1128
ur3,full,confidence,seed,2,0.5,0.4530141843971631,0.08414872798434442,511,1128
ur3,full,confidence,seed,2,0.55,0.49645390070921985,0.10178571428571428,560,1128
ur3,full,confidence,seed,2,0.6,0.5310283687943262,0.10851419031719532,599,1128
ur3,full,confidence,seed,2,0.65,0.5930851063829787,0.12556053811659193,669,1128
ur3,full,confidence,seed,2,0.7,0.6462765957446809,0.16049382716049382,729,1128
ur3,full,confidence,seed,2,0.75,0.6959219858156028,0.2050955414012739,785,1128
ur3,full,confidence,seed,2,0.8,0.7358156028368794,0.23132530120481928,830,1128
ur3,full,confidence,seed,2,0.85,0.8351063829787234,0.2908704883227176,942,1128
ur3,full,confidence,seed,2,0.9,0.9033687943262412,0.3209028459273798,1019,1128
ur3,full,confidence,seed,2,0.95,0.9565602836879432,0.3373493975903614,1079,1128
ur3,full,confidence,seed,2,1.0,1.0,0.3537234042553192,1128,1128
ur3,full,mc_dropout,seed,3,0.5,0.5026595744680851,0.23985890652557318,567,1128
ur3,full,mc_dropout,seed,3,0.55,0.5292553191489362,0.254606365159129,597,1128
ur3,full,mc_dropout,seed,3,0.6,0.5824468085106383,0.2800608828006088,657,1128
ur3,full,mc_dropout,seed,3,0.65,0.6276595744680851,0.2853107344632768,708,1128
ur3,full,mc_dropout,seed,3,0.7,0.6861702127659575,0.30103359173126615,774,1128
ur3,full,mc_dropout,seed,3,0.75,0.7304964539007093,0.3155339805825243,824,1128
ur3,full,mc_dropout,seed,3,0.8,0.7987588652482269,0.3407325194228635,901,1128
ur3,full,mc_dropout,seed,3,0.85,0.8404255319148937,0.3575949367088608,948,1128
ur3,full,mc_dropout,seed,3,0.9,0.8847517730496454,0.3727454909819639,998,1128
ur3,full,mc_dropout,seed,3,0.95,0.9317375886524822,0.3939105613701237,1051,1128
ur3,full,mc_dropout,seed,3,1.0,1.0,0.4175531914893617,1128,1128
ur3,full,confidence,seed,3,0.5,0.40425531914893614,0.03508771929824561,456,1128
ur3,full,confidence,seed,3,0.55,0.42907801418439717,0.04338842975206612,484,1128
ur3,full,confidence,seed,3,0.6,0.4796099290780142,0.066543438077634,541,1128
ur3,full,confidence,seed,3,0.65,0.5301418439716312,0.12709030100334448,598,1128
ur3,full,confidence,seed,3,0.7,0.5824468085106383,0.1750380517503805,657,1128
ur3,full,confidence,seed,3,0.75,0.6391843971631206,0.22191400832177532,721,1128
ur3,full,confidence,seed,3,0.8,0.6941489361702128,0.26053639846743293,783,1128
ur3,full,confidence,seed,3,0.85,0.7668439716312057,0.3017341040462428,865,1128
ur3,full,confidence,seed,3,0.9,0.8395390070921985,0.3526927138331573,947,1128
ur3,full,confidence,seed,3,0.95,0.9370567375886525,0.39640491958372753,1057,1128
ur3,full,confidence,seed,3,1.0,1.0,0.4175531914893617,1128,1128
ur3,full,mc_dropout,seed,4,0.5,0.4148936170212766,0.46153846153846156,468,1128
ur3,full,mc_dropout,seed,4,0.55,0.499113475177305,0.49023090586145646,563,1128
ur3,full,mc_dropout,seed,4,0.6,0.5638297872340425,0.4921383647798742,636,1128
ur3,full,mc_dropout,seed,4,0.65,0.62677304964539,0.5007072135785007,707,1128
ur3,full,mc_dropout,seed,4,0.7,0.7101063829787234,0.5068664169787765,801,1128
ur3,full,mc_dropout,seed,4,0.75,0.7579787234042553,0.5076023391812865,855,1128
ur3,full,mc_dropout,seed,4,0.8,0.8147163120567376,0.514689880304679,919,1128
ur3,full,mc_dropout,seed,4,0.85,0.8599290780141844,0.5185567010309279,970,1128
ur3,full,mc_dropout,seed,4,0.9,0.9140070921985816,0.533462657613967,1031,1128
ur3,full,mc_dropout,seed,4,0.95,0.9663120567375887,0.5385321100917431,1090,1128
ur3,full,mc_dropout,seed,4,1.0,1.0,0.5452127659574468,1128,1128
ur3,full,confidence,seed,4,0.5,0.37322695035460995,0.17577197149643706,421,1128
ur3,full,confidence,seed,4,0.55,0.4299645390070922,0.2618556701030928,485,1128
ur3,full,confidence,seed,4,0.6,0.49379432624113473,0.33213644524236985,557,1128
ur3,full,confidence,seed,4,0.65,0.5691489361702128,0.3909657320872274,642,1128
ur3,full,confidence,seed,4,0.7,0.648936170212766,0.43579234972677594,732,1128
ur3,full,confidence,seed,4,0.75,0.7101063829787234,0.47191011235955055,801,1128
ur3,full,confidence,seed,4,0.8,0.7898936170212766,0.494949494949495,891,1128
ur3,full,confidence,seed,4,0.85,0.8359929078014184,0.5090137857900318,943,1128
ur3,full,confidence,seed,4,0.9,0.8971631205673759,0.5148221343873518,1012,1128
ur3,full,confidence,seed,4,0.95,0.9485815602836879,0.5317757009345795,1070,1128
ur3,full,confidence,seed,4,1.0,1.0,0.5452127659574468,1128,1128
ur3,full,mc_dropout,seed,5,0.5,0.43882978723404253,0.1797979797979798,495,1128
ur3,full,mc_dropout,seed,5,0.55,0.4875886524822695,0.20545454545454545,550,1128
ur3,full,mc_dropout,seed,5,0.6,0.5523049645390071,0.22953451043338685,623,1128
ur3,full,mc_dropout,seed,5,0.65,0.624113475177305,0.25,704,1128
ur3,full,mc_dropout,seed,5,0.7,0.699468085106383,0.26108998732572875,789,1128
ur3,full,mc_dropout,seed,5,0.75,0.7402482269503546,0.26586826347305387,835,1128
ur3,full,mc_dropout,seed,5,0.8,0.7987588652482269,0.2663706992230855,901,1128
ur3,full,mc_dropout,seed,5,0.85,0.8386524822695035,0.26744186046511625,946,1128
ur3,full,mc_dropout,seed,5,0.9,0.8838652482269503,0.2668004012036108,997,1128
ur3,full,mc_dropout,seed,5,0.95,0.9281914893617021,0.2636103151862464,1047,1128
ur3,full,mc_dropout,seed,5,1.0,1.0,0.2526595744680851,1128,1128
ur3,full,confidence,seed,5,0.5,0.4175531914893617,0.1613588110403397,471,1128
ur3,full,confidence,seed,5,0.55,0.44858156028368795,0.16996047430830039,506,1128
ur3,full,confidence,seed,5,0.6,0.4929078014184397,0.17266187050359713,556,1128
ur3,full,confidence,seed,5,0.65,0.5283687943262412,0.18288590604026847,596,1128
ur3,full,confidence,seed,5,0.7,0.5647163120567376,0.19623233908948196,637,1128
ur3,full,confidence,seed,5,0.75,0.6037234042553191,0.20998531571218795,681,1128
ur3,full,confidence,seed,5,0.8,0.6870567375886525,0.24516129032258063,775,1128
ur3,full,confidence,seed,5,0.85,0.7544326241134752,0.2608695652173913,851,1128
ur3,full,confidence,seed,5,0.9,0.848404255319149,0.25914315569487983,957,1128
ur3,full,confidence,seed,5,0.95,0.9379432624113475,0.2514177693761815,1058,1128
ur3,full,confidence,seed,5,1.0,1.0,0.2526595744680851,1128,1128
ur3,full,seed_ensemble,ensemble,0,0.5,0.500886524822695,0.3168141592920354,565,1128
ur3,full,seed_ensemble,ensemble,0,0.55,0.5602836879432624,0.31962025316455694,632,1128
ur3,full,seed_ensemble,ensemble,0,0.6,0.6170212765957447,0.3117816091954023,696,1128
ur3,full,seed_ensemble,ensemble,0,0.65,0.6781914893617021,0.3281045751633987,765,1128
ur3,full,seed_ensemble,ensemble,0,0.7,0.7225177304964538,0.3300613496932515,815,1128
ur3,full,seed_ensemble,ensemble,0,0.75,0.7810283687943262,0.33598183881952326,881,1128
ur3,full,seed_ensemble,ensemble,0,0.8,0.8262411347517731,0.34012875536480686,932,1128
ur3,full,seed_ensemble,ensemble,0,0.85,0.8528368794326241,0.35135135135135137,962,1128
ur3,full,seed_ensemble,ensemble,0,0.9,0.8838652482269503,0.362086258776329,997,1128
ur3,full,seed_ensemble,ensemble,0,0.95,0.9343971631205674,0.3709677419354839,1054,1128
ur3,full,seed_ensemble,ensemble,0,1.0,1.0,0.38475177304964536,1128,1128
ur3,proposed_lite,mc_dropout,seed,1,0.5,0.4104609929078014,0.11447084233261338,463,1128
ur3,proposed_lite,mc_dropout,seed,1,0.55,0.4671985815602837,0.14041745730550284,527,1128
ur3,proposed_lite,mc_dropout,seed,1,0.6,0.5274822695035462,0.17647058823529413,595,1128
ur3,proposed_lite,mc_dropout,seed,1,0.65,0.5691489361702128,0.20249221183800623,642,1128
ur3,proposed_lite,mc_dropout,seed,1,0.7,0.62322695035461,0.2361308677098151,703,1128
ur3,proposed_lite,mc_dropout,seed,1,0.75,0.6702127659574468,0.26851851851851855,756,1128
ur3,proposed_lite,mc_dropout,seed,1,0.8,0.7189716312056738,0.29839704069050554,811,1128
ur3,proposed_lite,mc_dropout,seed,1,0.85,0.774822695035461,0.34096109839816935,874,1128
ur3,proposed_lite,mc_dropout,seed,1,0.9,0.8377659574468085,0.37777777777777777,945,1128
ur3,proposed_lite,mc_dropout,seed,1,0.95,0.900709219858156,0.40846456692913385,1016,1128
ur3,proposed_lite,mc_dropout,seed,1,1.0,1.0,0.44592198581560283,1128,1128
ur3,proposed_lite,confidence,seed,1,0.5,0.4219858156028369,0.09663865546218488,476,1128
ur3,proposed_lite,confidence,seed,1,0.55,0.4574468085106383,0.12015503875968993,516,1128
ur3,proposed_lite,confidence,seed,1,0.6,0.50177304964539,0.1519434628975265,566,1128
ur3,proposed_lite,confidence,seed,1,0.65,0.5780141843971631,0.1794478527607362,652,1128
ur3,proposed_lite,confidence,seed,1,0.7,0.6161347517730497,0.21726618705035972,695,1128
ur3,proposed_lite,confidence,seed,1,0.75,0.6826241134751773,0.274025974025974,770,1128
ur3,proposed_lite,confidence,seed,1,0.8,0.7455673758865248,0.3162901307966706,841,1128
ur3,proposed_lite,confidence,seed,1,0.85,0.7960992907801419,0.3518930957683742,898,1128
ur3,proposed_lite,confidence,seed,1,0.9,0.851063829787234,0.378125,960,1128
ur3,proposed_lite,confidence,seed,1,0.95,0.9414893617021277,0.4209039548022599,1062,1128
ur3,proposed_lite,confidence,seed,1,1.0,1.0,0.44592198581560283,1128,1128
ur3,proposed_lite,mc_dropout,seed,2,0.5,0.42907801418439717,0.10330578512396695,484,1128
ur3,proposed_lite,mc_dropout,seed,2,0.55,0.475177304964539,0.10261194029850747,536,1128
ur3,proposed_lite,mc_dropout,seed,2,0.6,0.5212765957446809,0.11564625850340136,588,1128
ur3,proposed_lite,mc_dropout,seed,2,0.65,0.5656028368794326,0.13009404388714735,638,1128
ur3,proposed_lite,mc_dropout,seed,2,0.7,0.6179078014184397,0.1649928263988522,697,1128
ur3,proposed_lite,mc_dropout,seed,2,0.75,0.6790780141843972,0.21018276762402088,766,1128
ur3,proposed_lite,mc_dropout,seed,2,0.8,0.7429078014184397,0.2553699284009546,838,1128
ur3,proposed_lite,mc_dropout,seed,2,0.85,0.8129432624113475,0.29880043620501634,917,1128
ur3,proposed_lite,mc_dropout,seed,2,0.9,0.8785460992907801,0.3340060544904137,991,1128
ur3,proposed_lite,mc_dropout,seed,2,0.95,0.9512411347517731,0.36719478098788444,1073,1128
ur3,proposed_lite,mc_dropout,seed,2,1.0,1.0,0.3874113475177305,1128,1128
ur3,proposed_lite,confidence,seed,2,0.5,0.40070921985815605,0.07300884955752213,452,1128
ur3,proposed_lite,confidence,seed,2,0.55,0.44148936170212766,0.0823293172690763,498,1128
ur3,proposed_lite,confidence,seed,2,0.6,0.5088652482269503,0.11149825783972125,574,1128
ur3,proposed_lite,confidence,seed,2,0.65,0.5611702127659575,0.12164296998420221,633,1128
ur3,proposed_lite,confidence,seed,2,0.7,0.6143617021276596,0.13852813852813853,693,1128
ur3,proposed_lite,confidence,seed,2,0.75,0.6595744680851063,0.1814516129032258,744,1128
ur3,proposed_lite,confidence,seed,2,0.8,0.7269503546099291,0.24146341463414633,820,1128
ur3,proposed_lite,confidence,seed,2,0.85,0.7987588652482269,0.28967813540510545,901,1128
ur3,proposed_lite,confidence,seed,2,0.9,0.8705673758865248,0.3319755600814664,982,1128
ur3,proposed_lite,confidence,seed,2,0.95,0.9414893617021277,0.3691148775894539,1062,1128
ur3,proposed_lite,confidence,seed,2,1.0,1.0,0.3874113475177305,1128,1128
ur3,proposed_lite,mc_dropout,seed,3,0.5,0.4379432624113475,0.12955465587044535,494,1128
ur3,proposed_lite,mc_dropout,seed,3,0.55,0.48315602836879434,0.13577981651376148,545,1128
ur3,proposed_lite,mc_dropout,seed,3,0.6,0.5292553191489362,0.1490787269681742,597,1128
ur3,proposed_lite,mc_dropout,seed,3,0.65,0.5868794326241135,0.1646525679758308,662,1128
ur3,proposed_lite,mc_dropout,seed,3,0.7,0.6533687943262412,0.1926729986431479,737,1128
ur3,proposed_lite,mc_dropout,seed,3,0.75,0.7030141843971631,0.2042875157629256,793,1128
ur3,proposed_lite,mc_dropout,seed,3,0.8,0.776595744680851,0.2374429223744292,876,1128
ur3,proposed_lite,mc_dropout,seed,3,0.85,0.8342198581560284,0.2624867162592986,941,1128
ur3,proposed_lite,mc_dropout,seed,3,0.9,0.8856382978723404,0.2872872872872873,999,1128
ur3,proposed_lite,mc_dropout,seed,3,0.95,0.9406028368794326,0.31291234684260133,1061,1128
ur3,proposed_lite,mc_dropout,seed,3,1.0,1.0,0.33599290780141844,1128,1128
ur3,proposed_lite,confidence,seed,3,0.5,0.3980496453900709,0.06904231625835189,449,1128
ur3,proposed_lite,confidence,seed,3,0.55,0.44769503546099293,0.08118811881188119,505,1128
ur3,proposed_lite,confidence,seed,3,0.6,0.4875886524822695,0.0890909090909091,550,1128
ur3,proposed_lite,confidence,seed,3,0.65,0.549645390070922,0.09838709677419355,620,1128
ur3,proposed_lite,confidence,seed,3,0.7,0.6152482269503546,0.10806916426512968,694,1128
ur3,proposed_lite,confidence,seed,3,0.75,0.6968085106382979,0.15648854961832062,786,1128
ur3,proposed_lite,confidence,seed,3,0.8,0.7402482269503546,0.19401197604790418,835,1128
ur3,proposed_lite,confidence,seed,3,0.85,0.8076241134751773,0.24039517014270034,911,1128
ur3,proposed_lite,confidence,seed,3,0.9,0.8785460992907801,0.2875882946518668,991,1128
ur3,proposed_lite,confidence,seed,3,0.95,0.9459219858156028,0.3139643861293346,1067,1128
ur3,proposed_lite,confidence,seed,3,1.0,1.0,0.33599290780141844,1128,1128
ur3,proposed_lite,mc_dropout,seed,4,0.5,0.5106382978723404,0.578125,576,1128
ur3,proposed_lite,mc_dropout,seed,4,0.55,0.575354609929078,0.6055469953775039,649,1128
ur3,proposed_lite,mc_dropout,seed,4,0.6,0.6356382978723404,0.6220362622036262,717,1128
ur3,proposed_lite,mc_dropout,seed,4,0.65,0.6959219858156028,0.643312101910828,785,1128
ur3,proposed_lite,mc_dropout,seed,4,0.7,0.7535460992907801,0.6552941176470588,850,1128
ur3,proposed_lite,mc_dropout,seed,4,0.75,0.8058510638297872,0.6743674367436744,909,1128
ur3,proposed_lite,mc_dropout,seed,4,0.8,0.8457446808510638,0.6834381551362684,954,1128
ur3,proposed_lite,mc_dropout,seed,4,0.85,0.9060283687943262,0.6917808219178082,1022,1128
ur3,proposed_lite,mc_dropout,seed,4,0.9,0.9379432624113475,0.6975425330812854,1058,1128
ur3,proposed_lite,mc_dropout,seed,4,0.95,0.973404255319149,0.7040072859744991,1098,1128
ur3,proposed_lite,mc_dropout,seed,4,1.0,1.0,0.7083333333333334,1128,1128
ur3,proposed_lite,confidence,seed,4,0.5,0.3900709219858156,0.8431818181818181,440,1128
ur3,proposed_lite,confidence,seed,4,0.55,0.4671985815602837,0.8368121442125237,527,1128
ur3,proposed_lite,confidence,seed,4,0.6,0.5842198581560284,0.8300455235204856,659,1128
ur3,proposed_lite,confidence,seed,4,0.65,0.6356382978723404,0.8214783821478382,717,1128
ur3,proposed_lite,confidence,seed,4,0.7,0.6781914893617021,0.8143790849673203,765,1128
ur3,proposed_lite,confidence,seed,4,0.75,0.7446808510638298,0.8,840,1128
ur3,proposed_lite,confidence,seed,4,0.8,0.8147163120567376,0.7889009793253536,919,1128
ur3,proposed_lite,confidence,seed,4,0.85,0.8643617021276596,0.7702564102564102,975,1128
ur3,proposed_lite,confidence,seed,4,0.9,0.9042553191489362,0.75,1020,1128
ur3,proposed_lite,confidence,seed,4,0.95,0.9539007092198581,0.7286245353159851,1076,1128
ur3,proposed_lite,confidence,seed,4,1.0,1.0,0.7083333333333334,1128,1128
ur3,proposed_lite,mc_dropout,seed,5,0.5,0.43439716312056736,0.15918367346938775,490,1128
ur3,proposed_lite,mc_dropout,seed,5,0.55,0.49113475177304966,0.1931407942238267,554,1128
ur3,proposed_lite,mc_dropout,seed,5,0.6,0.5514184397163121,0.2282958199356913,622,1128
ur3,proposed_lite,mc_dropout,seed,5,0.65,0.6063829787234043,0.2543859649122807,684,1128
ur3,proposed_lite,mc_dropout,seed,5,0.7,0.6533687943262412,0.28222523744911804,737,1128
ur3,proposed_lite,mc_dropout,seed,5,0.75,0.7074468085106383,0.30952380952380953,798,1128
ur3,proposed_lite,mc_dropout,seed,5,0.8,0.7624113475177305,0.32906976744186045,860,1128
ur3,proposed_lite,mc_dropout,seed,5,0.85,0.825354609929078,0.34156820622986034,931,1128
ur3,proposed_lite,mc_dropout,seed,5,0.9,0.8785460992907801,0.35923309788092833,991,1128
ur3,proposed_lite,mc_dropout,seed,5,0.95,0.9406028368794326,0.3751178133836004,1061,1128
ur3,proposed_lite,mc_dropout,seed,5,1.0,1.0,0.3962765957446808,1128,1128
ur3,proposed_lite,confidence,seed,5,0.5,0.424645390070922,0.0918580375782881,479,1128
ur3,proposed_lite,confidence,seed,5,0.55,0.4645390070921986,0.11641221374045801,524,1128
ur3,proposed_lite,confidence,seed,5,0.6,0.5115248226950354,0.15424610051993068,577,1128
ur3,proposed_lite,confidence,seed,5,0.65,0.5531914893617021,0.1842948717948718,624,1128
ur3,proposed_lite,confidence,seed,5,0.7,0.6072695035460993,0.21313868613138687,685,1128
ur3,proposed_lite,confidence,seed,5,0.75,0.6710992907801419,0.24966974900924702,757,1128
ur3,proposed_lite,confidence,seed,5,0.8,0.7402482269503546,0.2778443113772455,835,1128
ur3,proposed_lite,confidence,seed,5,0.85,0.8102836879432624,0.30196936542669583,914,1128
ur3,proposed_lite,confidence,seed,5,0.9,0.8705673758865248,0.3360488798370672,982,1128
ur3,proposed_lite,confidence,seed,5,0.95,0.9370567375886525,0.3661305581835383,1057,1128
ur3,proposed_lite,confidence,seed,5,1.0,1.0,0.3962765957446808,1128,1128
ur3,proposed_lite,seed_ensemble,ensemble,0,0.5,0.4441489361702128,0.3652694610778443,501,1128
ur3,proposed_lite,seed_ensemble,ensemble,0,0.55,0.4804964539007092,0.35608856088560886,542,1128
ur3,proposed_lite,seed_ensemble,ensemble,0,0.6,0.525709219858156,0.3440134907251265,593,1128
ur3,proposed_lite,seed_ensemble,ensemble,0,0.65,0.5602836879432624,0.3338607594936709,632,1128
ur3,proposed_lite,seed_ensemble,ensemble,0,0.7,0.6019503546099291,0.3328424153166421,679,1128
ur3,proposed_lite,seed_ensemble,ensemble,0,0.75,0.6409574468085106,0.32918395573997233,723,1128
ur3,proposed_lite,seed_ensemble,ensemble,0,0.8,0.7083333333333334,0.3166458072590738,799,1128
ur3,proposed_lite,seed_ensemble,ensemble,0,0.85,0.7668439716312057,0.3213872832369942,865,1128
ur3,proposed_lite,seed_ensemble,ensemble,0,0.9,0.8351063829787234,0.3481953290870488,942,1128
ur3,proposed_lite,seed_ensemble,ensemble,0,0.95,0.9024822695035462,0.37721021611001965,1018,1128
ur3,proposed_lite,seed_ensemble,ensemble,0,1.0,1.0,0.4157801418439716,1128,1128
