dataset,model,mc_samples,uncertainty,f2,auc_roc,auc_pr,brier,ece,error_auc,error_spearman,aurc50,risk_full,risk_c60,risk_c80
cmapss_fd001,full,5,MC,0.8598901098901099,0.9947835746880467,0.8694386489442829,0.011472588992211458,0.011432741188043022,0.9785037815643937,0.2287364275699457,0.0019398671564256195,0.01941938014907807,0.000132890365448505,0.0006538084341288003
cmapss_fd001,full,5,pseudo_abs,0.8598901098901099,0.9947835746880467,0.8694386489442829,0.011472588992211458,0.011432741188043022,0.9868559570499958,0.23272897050742986,0.0016660040848217226,0.01941938014907807,0.0,0.00021503064186646596
cmapss_fd001,full,5,entropy,0.8598901098901099,0.9947835746880467,0.8694386489442829,0.011472588992211458,0.011432741188043022,0.986855957049996,0.23272897027557038,0.0016660040848217226,0.01941938014907807,0.0,0.00021503064186646596
cmapss_fd001,full,10,MC,0.8714837286265857,0.9945298224528284,0.876582987822681,0.011357067848032438,0.011378595415866694,0.9804895695815684,0.22216178577632656,0.0017276615602896397,0.018144370341310317,0.00012968486577616392,0.0002166377816291161
cmapss_fd001,full,10,pseudo_abs,0.8714837286265857,0.9945298224528284,0.876582987822681,0.011357067848032438,0.011378595415866694,0.9852977940481686,0.22438494297964212,0.0015891544332770672,0.018144370341310317,0.0001299545159194282,0.00010691756655618518
cmapss_fd001,full,10,entropy,0.8714837286265857,0.9945298224528284,0.876582987822681,0.011357067848032438,0.011378595415866694,0.9852977940481686,0.22438494274339396,0.0015891544332770672,0.018144370341310317,0.0001299545159194282,0.00010691756655618518
cmapss_fd001,full,20,MC,0.8652246256239601,0.994647690518766,0.8780450064759173,0.011401691375766914,0.01139642939113282,0.9816626363869047,0.22151921805983588,0.0017187773343619712,0.017948214986269126,0.00012992074834351045,0.0004296916962079708
cmapss_fd001,full,20,pseudo_abs,0.8652246256239601,0.994647690518766,0.8780450064759173,0.011401691375766914,0.01139642939113282,0.9851002439997402,0.2231001924365387,0.0016028446665520854,0.017948214986269126,0.0001278118609406953,0.0002139266231682533
cmapss_fd001,full,20,entropy,0.8652246256239601,0.994647690518766,0.8780450064759173,0.011401691375766914,0.01139642939113282,0.9851002439997402,0.22310019215428525,0.0016028446665520854,0.017948214986269126,0.0001278118609406953,0.0002139266231682533
cmapss_fd001,full,50,MC,0.8630289532293987,0.9949160999228056,0.8770762208651242,0.011396141662904114,0.011395073839570714,0.9831613862264821,0.22041260500695098,0.001575353471722505,0.017653981953707338,0.00012976901116013495,0.0003219920575292476
cmapss_fd001,full,50,pseudo_abs,0.8630289532293987,0.9949160999228056,0.8770762208651242,0.011396141662904114,0.011395073839570714,0.9853539891728789,0.22141284529660635,0.0015109234557792316,0.017653981953707338,0.0,0.00021397239756071467
cmapss_fd001,full,50,entropy,0.8630289532293987,0.9949160999228056,0.8770762208651242,0.011396141662904114,0.011395073839570714,0.9853539891728789,0.2214128449688612,0.0015109234557792316,0.017653981953707338,0.0,0.00021397239756071467
cmapss_fd001,proposed_lite,5,MC,0.807909604519774,0.9919202356872746,0.8325999636868692,0.01548974622706635,0.01588039030777652,0.9665398248850299,0.22521373734127006,0.0024407051126096747,0.019811690859160454,0.00027059937762143147,0.0015313935681470138
cmapss_fd001,proposed_lite,5,pseudo_abs,0.807909604519774,0.9919202356872746,0.8325999636868692,0.01548974622706635,0.01588039030777652,0.9786678938055902,0.23106834533231718,0.0019717521269000406,0.019811690859160454,0.00013095861707700367,0.0006471793765505339
cmapss_fd001,proposed_lite,5,entropy,0.807909604519774,0.9919202356872746,0.8325999636868692,0.01548974622706635,0.01588039030777652,0.9786678938055904,0.23106834520740477,0.0019717521269000406,0.019811690859160454,0.00013095861707700367,0.0006471793765505339
cmapss_fd001,proposed_lite,10,MC,0.8027133973996609,0.9918640498734598,0.8298274218290048,0.015306850834847223,0.015835010095672272,0.9707072951021773,0.22887224913416132,0.0021904727502696773,0.020105923891722242,0.00013812154696132598,0.0012090569355902396
cmapss_fd001,proposed_lite,10,pseudo_abs,0.8027133973996609,0.9918640498734598,0.8298274218290048,0.015306850834847223,0.015835010095672272,0.979041137023321,0.23292441749482123,0.0018933624709334981,0.020105923891722242,0.00013326226012793177,0.0006457862447529867
cmapss_fd001,proposed_lite,10,entropy,0.8027133973996609,0.9918640498734598,0.8298274218290048,0.015306850834847223,0.015835010095672272,0.979041137023321,0.23292441735835756,0.0018933624709334981,0.020105923891722242,0.00013326226012793177,0.0006457862447529867
cmapss_fd001,proposed_lite,20,MC,0.8027133973996609,0.9924656045104995,0.8289728740392571,0.01534674273766294,0.015885934407854577,0.9712033513088608,0.2291134467975542,0.002329104965690516,0.020105923891722242,0.0002669157880688643,0.001302365964836119
cmapss_fd001,proposed_lite,20,pseudo_abs,0.8027133973996609,0.9924656045104995,0.8289728740392571,0.01534674273766294,0.015885934407854577,0.9799531773718297,0.23336787939030418,0.001930913535468634,0.020105923891722242,0.0001301405517959396,0.000643707756678468
cmapss_fd001,proposed_lite,20,entropy,0.8027133973996609,0.9924656045104995,0.8289728740392571,0.01534674273766294,0.015885934407854577,0.9799531773718297,0.2333678792086667,0.001930913535468634,0.020105923891722242,0.0001301405517959396,0.000643707756678468
cmapss_fd001,proposed_lite,50,MC,0.8093626621545403,0.9922106308445461,0.8298119738505786,0.015296184129534943,0.015826996604383296,0.9752141770175083,0.22995674328587135,0.00208888504104481,0.01990976853668105,0.00013180440226703572,0.0008661758336942399
cmapss_fd001,proposed_lite,50,pseudo_abs,0.8093626621545403,0.9922106308445461,0.8298119738505786,0.015296184129534943,0.015826996604383296,0.9795060976180864,0.23203360930515066,0.0018565338232747906,0.01990976853668105,0.0001315097317201473,0.0005358482477762298
cmapss_fd001,proposed_lite,50,entropy,0.8093626621545403,0.9922106308445461,0.8298119738505786,0.015296184129534943,0.015826996604383296,0.979505851140133,0.2320334898404228,0.0018565338232747906,0.01990976853668105,0.0001315097317201473,0.0005358482477762298
cmapss_fd003,full,5,MC,0.8973551637279596,0.9982737117888258,0.9202047877944018,0.009432614508926278,0.01218065759523223,0.9772990414246053,0.16922211268228093,0.0011895022044209889,0.010587032710280374,9.304922303898763e-05,0.0008723927353477674
cmapss_fd003,full,5,pseudo_abs,0.8973551637279596,0.9982737117888258,0.9202047877944018,0.009432614508926278,0.01218065759523223,0.9846429452973314,0.1718258287425021,0.0008923693629370623,0.010587032710280374,0.0,0.00015704750687082843
cmapss_fd003,full,5,entropy,0.8973551637279596,0.9982737117888258,0.9202047877944018,0.009432614508926278,0.01218065759523223,0.9846429452973313,0.17182582821460493,0.0008923693629370623,0.010587032710280374,0.0,0.00015704750687082843
cmapss_fd003,full,10,MC,0.8934169278996865,0.9983070378160684,0.922631489209203,0.009435504696512808,0.012155476077984707,0.9824169568191002,0.1750711998132413,0.0010255527310146409,0.011098130841121495,0.0,0.00031600568810238584
cmapss_fd003,full,10,pseudo_abs,0.8934169278996865,0.9983070378160684,0.922631489209203,0.009435504696512808,0.012155476077984707,0.9862822826965524,0.1764739438461443,0.0009071550699566229,0.011098130841121495,0.0,0.00015683814303638644
cmapss_fd003,full,10,entropy,0.8934169278996865,0.9983070378160684,0.922631489209203,0.009435504696512808,0.012155476077984707,0.9862825255696831,0.17647403142945725,0.0009071550699566229,0.011098130841121495,0.0,0.00015683814303638644
cmapss_fd003,full,20,MC,0.9001895135818067,0.99825371617248,0.9187912049394557,0.009430597211800482,0.012180124696421112,0.9805805547359103,0.16745297556301605,0.0010010553196136923,0.01022196261682243,0.0,0.0005507474429583006
cmapss_fd003,full,20,pseudo_abs,0.9001895135818067,0.99825371617248,0.9187912049394557,0.009430597211800482,0.012180124696421112,0.9840671500231842,0.16866784165432336,0.0008642868689017906,0.01022196261682243,0.0,0.00015688735487919673
cmapss_fd003,full,20,entropy,0.9001895135818067,0.99825371617248,0.9187912049394557,0.009430597211800482,0.012180124696421112,0.9840671500231842,0.16866784110402439,0.0008642868689017906,0.01022196261682243,0.0,0.00015688735487919673
cmapss_fd003,full,50,MC,0.8984867591424969,0.9983206245810213,0.9252425381269084,0.009411293029195168,0.012175169752319952,0.9839320275386091,0.17039897586685934,0.0009208920104097163,0.010441004672897197,0.0,7.852991989948171e-05
cmapss_fd003,full,50,pseudo_abs,0.8984867591424969,0.9983206245810213,0.9252425381269084,0.009411293029195168,0.012175169752319952,0.984969136965005,0.1707641566176894,0.0008749204854360471,0.010441004672897197,0.0,7.842522155125088e-05
cmapss_fd003,full,50,entropy,0.8984867591424969,0.9983206245810213,0.9252425381269084,0.009411293029195168,0.012175169752319952,0.9849691369650051,0.1707641560445985,0.0008749204854360471,0.010441004672897197,0.0,7.842522155125088e-05
cmapss_fd003,proposed_lite,5,MC,0.8609068627450981,0.9913608683224575,0.828693536851714,0.010689010006519527,0.018112668330979992,0.9537514153144641,0.18715385677622248,0.002415756069365625,0.014383761682242991,0.0008648856428983279,0.0017594369801663468
cmapss_fd003,proposed_lite,5,pseudo_abs,0.8609068627450981,0.9913608683224575,0.828693536851714,0.010689010006519527,0.018112668330979992,0.9671710970882219,0.19268892543128247,0.0020326774801596795,0.014383761682242991,0.0006461140852870592,0.0012630249447426586
cmapss_fd003,proposed_lite,5,entropy,0.8609068627450981,0.9913608683224575,0.828693536851714,0.010689010006519527,0.018112668330979992,0.967171097088222,0.19268892535455495,0.0020326774801596795,0.014383761682242991,0.0006461140852870592,0.0012630249447426586
cmapss_fd003,proposed_lite,10,MC,0.8553846153846154,0.991797951987449,0.8342506296725758,0.010745621104412798,0.018204195035752626,0.9589399092970521,0.1888198386789116,0.002184507621923618,0.014310747663551402,0.0004736193994506015,0.0019093078758949881
cmapss_fd003,proposed_lite,10,pseudo_abs,0.8553846153846154,0.991797951987449,0.8342506296725758,0.010745621104412798,0.018204195035752626,0.9713214285714287,0.19391391844536895,0.0019598339690948506,0.014310747663551402,0.0005470958329534056,0.0012630249447426586
cmapss_fd003,proposed_lite,10,entropy,0.8553846153846154,0.991797951987449,0.8342506296725758,0.010745621104412798,0.018204195035752626,0.9713216175359032,0.19391399611555374,0.0019598339690948506,0.014310747663551402,0.0005470958329534056,0.0012630249447426586
cmapss_fd003,proposed_lite,20,MC,0.8558282208588958,0.9920866066541822,0.8359064568386434,0.010682976052092506,0.018149919059711278,0.9625947027871073,0.1917532327072446,0.0021464688281662503,0.014529789719626169,0.0004671587405400355,0.0015824036711765172
cmapss_fd003,proposed_lite,20,pseudo_abs,0.8558282208588958,0.9920866066541822,0.8359064568386434,0.010682976052092506,0.018149919059711278,0.9720518574200185,0.19567338138072635,0.002057415619278508,0.014529789719626169,0.0005427899402931065,0.0012611334436825096
cmapss_fd003,proposed_lite,20,entropy,0.8558282208588958,0.9920866066541822,0.8359064568386434,0.010682976052092506,0.018149919059711278,0.9720518574200185,0.19567338130052553,0.002057415619278508,0.014529789719626169,0.0005427899402931065,0.0012611334436825096
cmapss_fd003,proposed_lite,50,MC,0.8541033434650456,0.9920255943889223,0.842390978581751,0.010695883019517868,0.018192021229802673,0.9708396008559141,0.20041078297102055,0.0020836631173189075,0.015332943925233645,0.00036569756811117204,0.0009480919649205973
cmapss_fd003,proposed_lite,50,pseudo_abs,0.8541033434650456,0.9920255943889223,0.842390978581751,0.010695883019517868,0.018192021229802673,0.975229868011271,0.20227948077750893,0.0020466896234746274,0.015332943925233645,0.0003646640532409518,0.001182033096926714
cmapss_fd003,proposed_lite,50,entropy,0.8541033434650456,0.9920255943889223,0.842390978581751,0.010695883019517868,0.018192021229802673,0.9752300445612029,0.20227955581820103,0.0020466896234746274,0.015332943925233645,0.0003646640532409518,0.001182033096926714
xjtu,full,5,MC,0.5255102040816326,0.6507513308122717,0.33233568688837023,0.26507750731119545,0.23187111314386133,0.47810507495326965,-0.03487989529081636,0.3184107749553591,0.30375,0.3143507972665148,0.3333333333333333
xjtu,full,5,pseudo_abs,0.5255102040816326,0.6507513308122717,0.33233568688837023,0.26507750731119545,0.23187111314386133,0.28742307038736326,-0.3386474733440235,0.34624024825393834,0.30375,0.3696763202725724,0.2966751918158568
xjtu,full,5,entropy,0.5255102040816326,0.6507513308122717,0.33233568688837023,0.26507750731119545,0.23187111314386133,0.28742307038736326,-0.3386474733440235,0.34624024825393834,0.30375,0.3696763202725724,0.2966751918158568
xjtu,full,10,MC,0.5346232179226069,0.659565978362398,0.3204762501895274,0.26518846857136597,0.21498758990317585,0.42679948633822995,-0.11634012582141574,0.33203989354882435,0.30125,0.3472222222222222,0.33277591973244147
xjtu,full,10,pseudo_abs,0.5346232179226069,0.659565978362398,0.3204762501895274,0.26518846857136597,0.21498758990317585,0.2693977835346165,-0.36650413414095345,0.34057150480221515,0.30125,0.36177474402730375,0.2950191570881226
xjtu,full,10,entropy,0.5346232179226069,0.659565978362398,0.3204762501895274,0.26518846857136597,0.21498758990317585,0.2693977835346165,-0.36650413414095345,0.34057150480221515,0.30125,0.36177474402730375,0.2950191570881226
xjtu,full,20,MC,0.5369807497467072,0.6704890678419531,0.3491633760052991,0.2647185978723235,0.21649447951465844,0.4429841372803397,-0.09093456306884254,0.32988379846972876,0.305,0.3333333333333333,0.3356521739130435
xjtu,full,20,pseudo_abs,0.5369807497467072,0.6704890678419531,0.3491633760052991,0.2647185978723235,0.21649447951465844,0.27621550300743014,-0.35691375354423915,0.34097245395802706,0.305,0.3601340033500838,0.2979539641943734
xjtu,full,20,entropy,0.5369807497467072,0.6704890678419531,0.3491633760052991,0.2647185978723235,0.21649447951465844,0.27621550300743014,-0.35691375354423915,0.34097245395802706,0.305,0.3601340033500838,0.2979539641943734
xjtu,full,50,MC,0.5369807497467072,0.6608627835060896,0.3327282933354346,0.26491240964343143,0.21868431678041816,0.381987852341078,-0.18821749899575554,0.3540806811457501,0.305,0.3900523560209424,0.3476764199655766
xjtu,full,50,pseudo_abs,0.5369807497467072,0.6608627835060896,0.3327282933354346,0.26491240964343143,0.21868431678041816,0.2655162755041868,-0.37397794257051714,0.3393472236675192,0.305,0.35225375626043404,0.2979539641943734
xjtu,full,50,entropy,0.5369807497467072,0.6608627835060896,0.3327282933354346,0.26491240964343143,0.21868431678041816,0.2655162755041868,-0.37397794257051714,0.3393472236675192,0.305,0.35225375626043404,0.2979539641943734
xjtu,proposed_lite,5,MC,0.5572139303482587,0.659810829683235,0.3884925039519118,0.24037439357112414,0.23454696821048854,0.4474836363636364,-0.0843231790143647,0.33010268459427533,0.3125,0.332579185520362,0.33278688524590166
xjtu,proposed_lite,5,pseudo_abs,0.5572139303482587,0.659810829683235,0.3884925039519118,0.24037439357112414,0.23454696821048854,0.2907272727272727,-0.3360198692893428,0.32144405630544487,0.3125,0.31799729364005414,0.308974358974359
xjtu,proposed_lite,5,entropy,0.5572139303482587,0.659810829683235,0.3884925039519118,0.24037439357112414,0.23454696821048854,0.2907272727272727,-0.3360198692893428,0.32144405630544487,0.3125,0.31799729364005414,0.308974358974359
xjtu,proposed_lite,10,MC,0.5599603567888999,0.6661678954575546,0.3950895428850364,0.23910826416867895,0.2363748934492469,0.41419012860618704,-0.13807936337772608,0.35166943491543984,0.315,0.3574766355140187,0.35772357723577236
xjtu,proposed_lite,10,pseudo_abs,0.5599603567888999,0.6661678954575546,0.3950895428850364,0.23910826416867895,0.2363748934492469,0.2985242150388136,-0.32420102339733947,0.3226042944201406,0.315,0.3149394347240915,0.3119383825417201
xjtu,proposed_lite,10,entropy,0.5599603567888999,0.6661678954575546,0.3950895428850364,0.23910826416867895,0.2363748934492469,0.2985242150388136,-0.32420102339733947,0.3226042944201406,0.315,0.3149394347240915,0.3119383825417201
xjtu,proposed_lite,20,MC,0.5577689243027888,0.6615202546453738,0.40502430327538985,0.23928121516453033,0.23731184046715498,0.39211656061633104,-0.1730339141125228,0.3553767683935697,0.31125,0.385,0.3402889245585875
xjtu,proposed_lite,20,pseudo_abs,0.5577689243027888,0.6615202546453738,0.40502430327538985,0.23928121516453033,0.23731184046715498,0.2860771579967784,-0.3431101853838931,0.32382898901457896,0.31125,0.31208499335989376,0.30719794344473006
xjtu,proposed_lite,20,entropy,0.5577689243027888,0.6615202546453738,0.40502430327538985,0.23928121516453033,0.23731184046715498,0.2860771579967784,-0.3431101853838931,0.32382898901457896,0.31125,0.31208499335989376,0.30719794344473006
xjtu,proposed_lite,50,MC,0.5544455544455544,0.669133317009912,0.4337701261318381,0.2388014971056387,0.23751443296670915,0.36262564282374943,-0.22009087034063213,0.36638772357703253,0.31,0.4067796610169492,0.3528399311531842
xjtu,proposed_lite,50,pseudo_abs,0.5544455544455544,0.669133317009912,0.4337701261318381,0.2388014971056387,0.23751443296670915,0.2881822697522206,-0.33935844769048756,0.3226424586571763,0.31,0.30993377483443707,0.306803594351733
xjtu,proposed_lite,50,entropy,0.5544455544455544,0.669133317009912,0.4337701261318381,0.2388014971056387,0.23751443296670915,0.2881822697522206,-0.33935844769048756,0.3226424586571763,0.31,0.30993377483443707,0.306803594351733
ur3,full,5,MC,0.7431052093973443,0.8439424660765166,0.7611565825555114,0.17319011176904706,0.16331081962913063,0.6319420045848103,0.2172510038648095,0.3019285233939663,0.3448581560283688,0.2719594594594595,0.30884041331802525
ur3,full,5,pseudo_abs,0.7431052093973443,0.8439424660765166,0.7611565825555114,0.17319011176904706,0.16331081962913063,0.8532512844773908,0.5816509792369915,0.18346815613494827,0.3448581560283688,0.06614785992217899,0.2019704433497537
ur3,full,5,entropy,0.7431052093973443,0.8439424660765166,0.7611565825555114,0.17319011176904706,0.16331081962913063,0.8532512844773908,0.5816509792369915,0.18346815613494827,0.3448581560283688,0.06614785992217899,0.2019704433497537
ur3,full,10,MC,0.731009365244537,0.8449011111914209,0.7619372616988836,0.17280816718762404,0.16348283002086988,0.6182554196331871,0.19272170948293263,0.3015699066369549,0.33067375886524825,0.27741935483870966,0.3119369369369369
ur3,full,10,pseudo_abs,0.731009365244537,0.8449011111914209,0.7619372616988836,0.17280816718762404,0.16348283002086988,0.842448023010138,0.5580900106589536,0.1789003417224529,0.33067375886524825,0.061895551257253385,0.20198265179677818
ur3,full,10,entropy,0.731009365244537,0.8449011111914209,0.7619372616988836,0.17280816718762404,0.16348283002086988,0.842448023010138,0.5580900106589536,0.1789003417224529,0.33067375886524825,0.061895551257253385,0.20198265179677818
ur3,full,20,MC,0.7506361323155216,0.8457456318878842,0.7630540501656604,0.17233305350493058,0.16345964070964367,0.6335225689607134,0.21971924409266655,0.30053818080933664,0.34397163120567376,0.2807570977917981,0.30182232346241455
ur3,full,20,pseudo_abs,0.7506361323155216,0.8457456318878842,0.7630540501656604,0.17233305350493058,0.16345964070964367,0.8525668709947061,0.5801695323122973,0.1819533813752626,0.34397163120567376,0.05847953216374269,0.19419924337957126
ur3,full,20,entropy,0.7506361323155216,0.8457456318878842,0.7630540501656604,0.17233305350493058,0.16345964070964367,0.8525668709947061,0.5801695323122973,0.1819533813752626,0.34397163120567376,0.05847953216374269,0.19419924337957126
ur3,full,50,MC,0.7480916030534351,0.8453233715396525,0.7620095393459589,0.17243066600066737,0.16337236073132314,0.6514974636925857,0.24960170094800482,0.2963268687778842,0.34574468085106386,0.27631578947368424,0.2893815635939323
ur3,full,50,pseudo_abs,0.7480916030534351,0.8453233715396525,0.7620095393459589,0.17243066600066737,0.16337236073132314,0.851584323535543,0.5792575205034275,0.1842168530949668,0.34574468085106386,0.056862745098039215,0.20864197530864198
ur3,full,50,entropy,0.7480916030534351,0.8453233715396525,0.7620095393459589,0.17243066600066737,0.16337236073132314,0.851584323535543,0.5792575205034275,0.1842168530949668,0.34574468085106386,0.056862745098039215,0.20864197530864198
ur3,proposed_lite,5,MC,0.7095396298054105,0.820881725256875,0.7518941333066134,0.21404231432662016,0.2103360173233012,0.8181119836121544,0.5494564645349137,0.321455217561219,0.4627659574468085,0.21490467937608318,0.33496332518337407
ur3,proposed_lite,5,pseudo_abs,0.7095396298054105,0.820881725256875,0.7518941333066134,0.21404231432662016,0.2103360173233012,0.8684325329084633,0.6363722443048285,0.2940361033248228,0.4627659574468085,0.1523972602739726,0.34085510688836107
ur3,proposed_lite,5,entropy,0.7095396298054105,0.820881725256875,0.7518941333066134,0.21404231432662016,0.2103360173233012,0.8684325329084633,0.6363722443048285,0.2940361033248228,0.4627659574468085,0.1523972602739726,0.34085510688836107
ur3,proposed_lite,10,MC,0.7073877353935297,0.8200067713821608,0.7558209904200603,0.21528239009473266,0.20981311116446838,0.8278638362975712,0.5639753940400423,0.29311321818837327,0.44148936170212766,0.18448275862068966,0.319047619047619
ur3,proposed_lite,10,pseudo_abs,0.7073877353935297,0.8200067713821608,0.7558209904200603,0.21528239009473266,0.20981311116446838,0.8647829412889654,0.6274818406499386,0.28188096089901943,0.44148936170212766,0.1598639455782313,0.3192488262910798
ur3,proposed_lite,10,entropy,0.7073877353935297,0.8200067713821608,0.7558209904200603,0.21528239009473266,0.20981311116446838,0.8647829412889654,0.6274818406499386,0.28188096089901943,0.44148936170212766,0.1598639455782313,0.3192488262910798
ur3,proposed_lite,20,MC,0.705004812319538,0.8216007090930533,0.7588465451830531,0.21383455189872239,0.2077163221605175,0.8403222986825167,0.5862215945149118,0.30448084547645365,0.44769503546099293,0.18781725888324874,0.3151515151515151
ur3,proposed_lite,20,pseudo_abs,0.705004812319538,0.8216007090930533,0.7588465451830531,0.21383455189872239,0.2077163221605175,0.8688428714460531,0.6353496584315117,0.2815582950547668,0.44769503546099293,0.14736842105263157,0.3215547703180212
ur3,proposed_lite,20,entropy,0.705004812319538,0.8216007090930533,0.7588465451830531,0.21383455189872239,0.2077163221605175,0.8688428714460531,0.6353496584315117,0.2815582950547668,0.44769503546099293,0.14736842105263157,0.3215547703180212
ur3,proposed_lite,50,MC,0.7064176245210728,0.8214028934344221,0.7581138250165522,0.21386686396300955,0.20683293710033415,0.8516209041286191,0.6063304965113809,0.29602479955336186,0.4530141843971631,0.1703958691910499,0.3171912832929782
ur3,proposed_lite,50,pseudo_abs,0.7064176245210728,0.8214028934344221,0.7581138250165522,0.21386686396300955,0.20683293710033415,0.8689574895254165,0.6362254780327494,0.29071955726481413,0.4530141843971631,0.15114235500878734,0.32857142857142857
ur3,proposed_lite,50,entropy,0.7064176245210728,0.8214028934344221,0.7581138250165522,0.21386686396300955,0.20683293710033415,0.8689574895254165,0.6362254780327494,0.29071955726481413,0.4530141843971631,0.15114235500878734,0.32857142857142857
