dataset,seed,proposed,baseline,metric,diff_mean,ci_low,ci_high
cmapss_fd001,1,full,lstm,f2,-0.0311650991660303,-0.0582490604396366,-0.0077421297235511
cmapss_fd001,1,full,lstm,auc_roc,-0.0022162883861472,-0.0044692151880237,-0.0003895142586003
cmapss_fd001,1,full,lstm,auc_pr,-0.0432989946340873,-0.101114148165336,-0.0001891727040294
cmapss_fd001,1,full,tcn,f2,0.0233307746891212,-0.0240802878182702,0.0768117206656972
cmapss_fd001,1,full,tcn,auc_roc,0.0019445623513349,-0.0011484469929306,0.0055035448654261
cmapss_fd001,1,full,tcn,auc_pr,0.001835669191124,-0.0476885129068387,0.0508039025624202
cmapss_fd001,1,full,timesnet,f2,-0.0198322948738983,-0.0489517275583982,0.0072193867612059
cmapss_fd001,1,full,timesnet,auc_roc,-0.0021736158725336,-0.0044925378956895,-0.0003013409707482
cmapss_fd001,1,full,timesnet,auc_pr,-0.0444630161140953,-0.1135820934063359,0.0098418037376456
cmapss_fd001,1,proposed_lite,lstm,f2,-0.0902891561255266,-0.1504569733586269,-0.042054765691038
cmapss_fd001,1,proposed_lite,lstm,auc_roc,-0.0045929400772663,-0.0088826684503536,-0.0014329998851977
cmapss_fd001,1,proposed_lite,lstm,auc_pr,-0.0901416881692241,-0.1796260706467568,-0.0279551173168209
cmapss_fd001,1,proposed_lite,tcn,f2,-0.035793282270375,-0.0865458580835648,0.0111343315470202
cmapss_fd001,1,proposed_lite,tcn,auc_roc,-0.000432089339784,-0.0026190822314464,0.0019364966733554
cmapss_fd001,1,proposed_lite,tcn,auc_pr,-0.0450070243440127,-0.1117148823081186,0.0130686746605154
cmapss_fd001,1,proposed_lite,timesnet,f2,-0.0789563518333947,-0.1297964678704404,-0.0362916733005672
cmapss_fd001,1,proposed_lite,timesnet,auc_roc,-0.0045502675636526,-0.0083614467198914,-0.0016449147341216
cmapss_fd001,1,proposed_lite,timesnet,auc_pr,-0.0913057096492321,-0.1841394549275663,-0.0238574648791285
cmapss_fd001,2,full,lstm,f2,-0.0294020597363852,-0.0685172042592235,0.0147375708143775
cmapss_fd001,2,full,lstm,auc_roc,-0.0021037750728736,-0.004240647786285,-0.0001060733592875
cmapss_fd001,2,full,lstm,auc_pr,-0.0643236900698471,-0.120356510822445,-0.0149594987892722
cmapss_fd001,2,full,tcn,f2,-0.0476610703818378,-0.0760347793073543,-0.0215932765673637
cmapss_fd001,2,full,tcn,auc_roc,-0.0029832210941595,-0.0051334002746531,-0.0012322792284845
cmapss_fd001,2,full,tcn,auc_pr,-0.0833686121401489,-0.1438079652745389,-0.0355390438177665
cmapss_fd001,2,full,timesnet,f2,-0.0240149749315448,-0.0683038376633834,0.0271208609070405
cmapss_fd001,2,full,timesnet,auc_roc,-0.0029452080715775,-0.0057728136876768,-0.0005748195836865
cmapss_fd001,2,full,timesnet,auc_pr,-0.0904333955505301,-0.1719193462614399,-0.0258685681945426
cmapss_fd001,2,proposed_lite,lstm,f2,-0.0823450479381472,-0.1594920972322458,-0.0112406927901469
cmapss_fd001,2,proposed_lite,lstm,auc_roc,-0.0073599006554548,-0.0183330440383979,-0.0010057026661153
cmapss_fd001,2,proposed_lite,lstm,auc_pr,-0.0729640748071708,-0.1273344938111175,-0.024902063667533
cmapss_fd001,2,proposed_lite,tcn,f2,-0.1006040585835998,-0.1740625838057842,-0.0436119706192403
cmapss_fd001,2,proposed_lite,tcn,auc_roc,-0.0082393466767408,-0.0191345779324281,-0.0019133423740763
cmapss_fd001,2,proposed_lite,tcn,auc_pr,-0.0920089968774726,-0.1561944702820231,-0.0399991703345039
cmapss_fd001,2,proposed_lite,timesnet,f2,-0.0769579631333067,-0.1507199217599122,-0.0142341030081649
cmapss_fd001,2,proposed_lite,timesnet,auc_roc,-0.0082013336541587,-0.017751030185807,-0.0025810641496324
cmapss_fd001,2,proposed_lite,timesnet,auc_pr,-0.0990737802878538,-0.1672760339340696,-0.0458015361993605
cmapss_fd001,3,full,lstm,f2,0.0306737982455585,-0.0262712377762402,0.0941766881181895
cmapss_fd001,3,full,lstm,auc_roc,-0.0001277204598528,-0.0022642770506951,0.0021672696190999
cmapss_fd001,3,full,lstm,auc_pr,-0.0064390671940886,-0.0645440129654047,0.0483358554783779
cmapss_fd001,3,full,tcn,f2,-0.0076498942401823,-0.0675006747622132,0.0515385074790654
cmapss_fd001,3,full,tcn,auc_roc,-0.0019679381243227,-0.0045398524293414,-1.769901878040658e-05
cmapss_fd001,3,full,tcn,auc_pr,-0.0553835457145297,-0.1369304176676352,-0.003184442805161
cmapss_fd001,3,full,timesnet,f2,-0.0072045505453297,-0.0590952699324186,0.0500081285558243
cmapss_fd001,3,full,timesnet,auc_roc,-0.0015606672707065,-0.0041867496600982,0.0003650852997135
cmapss_fd001,3,full,timesnet,auc_pr,-0.0426240623647812,-0.1261280608483126,0.0131421275356289
cmapss_fd001,3,proposed_lite,lstm,f2,0.0177264843130291,-0.0560548998642589,0.1041137557194513
cmapss_fd001,3,proposed_lite,lstm,auc_roc,-0.0026039930285134,-0.0062391717474921,0.0005545385440329
cmapss_fd001,3,proposed_lite,lstm,auc_pr,-0.0673940905608262,-0.150166740370584,0.0016169906396743
cmapss_fd001,3,proposed_lite,tcn,f2,-0.0205972081727117,-0.0764965437525263,0.0410074196319798
cmapss_fd001,3,proposed_lite,tcn,auc_roc,-0.0044442106929833,-0.0079268957540984,-0.0015301875502203
cmapss_fd001,3,proposed_lite,tcn,auc_pr,-0.1163385690812674,-0.2030959928548334,-0.0504932093906661
cmapss_fd001,3,proposed_lite,timesnet,f2,-0.0201518644778591,-0.0706812946713626,0.0363569239264199
cmapss_fd001,3,proposed_lite,timesnet,auc_roc,-0.0040369398393671,-0.0071268389251057,-0.0014277226670131
cmapss_fd001,3,proposed_lite,timesnet,auc_pr,-0.1035790857315188,-0.1843154868960141,-0.0382078505959471
cmapss_fd001,4,full,lstm,f2,0.0053581753122848,-0.0589489282231132,0.0692508034792147
cmapss_fd001,4,full,lstm,auc_roc,-0.0015040639518457,-0.0037907058016594,0.0006571770762408
cmapss_fd001,4,full,lstm,auc_pr,-0.0500972062127029,-0.0966334834135227,-0.0088772236118372
cmapss_fd001,4,full,tcn,f2,-0.0393643770671026,-0.0967844363966619,0.00650546497687
cmapss_fd001,4,full,tcn,auc_roc,-0.0041524289051972,-0.0079011088611718,-0.0010399575006654
cmapss_fd001,4,full,tcn,auc_pr,-0.0903172109906909,-0.1611949954406257,-0.035371739658683
cmapss_fd001,4,full,timesnet,f2,-0.0058254291597052,-0.0757436097106056,0.061296792918553
cmapss_fd001,4,full,timesnet,auc_roc,-0.002863312588572,-0.0055035719441637,-0.0004059462819375
cmapss_fd001,4,full,timesnet,auc_pr,-0.0673587147335314,-0.1393562822654008,-0.0061949718427711
cmapss_fd001,4,proposed_lite,lstm,f2,-0.0155473291921345,-0.0654809765725304,0.041603310100955
cmapss_fd001,4,proposed_lite,lstm,auc_roc,-0.001810694589315,-0.0039586000141439,0.0001663055663157
cmapss_fd001,4,proposed_lite,lstm,auc_pr,-0.0466114337023381,-0.0986963150728531,-0.0071250742140993
cmapss_fd001,4,proposed_lite,tcn,f2,-0.060269881571522,-0.1002802758098395,-0.0206825948944031
cmapss_fd001,4,proposed_lite,tcn,auc_roc,-0.0044590595426666,-0.0078078899097169,-0.0017580338029875
cmapss_fd001,4,proposed_lite,tcn,auc_pr,-0.0868314384803262,-0.1466971230017016,-0.042122344040441
cmapss_fd001,4,proposed_lite,timesnet,f2,-0.0267309336641246,-0.0830870075538311,0.0351405189841768
cmapss_fd001,4,proposed_lite,timesnet,auc_roc,-0.0031699432260414,-0.0053713774548673,-0.0011698274985358
cmapss_fd001,4,proposed_lite,timesnet,auc_pr,-0.0638729422231666,-0.1293865784979435,-0.0076025215528027
cmapss_fd001,5,full,lstm,f2,0.0774421185956441,0.0080455497996266,0.1565677182711207
cmapss_fd001,5,full,lstm,auc_roc,-0.0008489905779991,-0.0033571284886795,0.0013942045405134
cmapss_fd001,5,full,lstm,auc_pr,-0.0556031309409493,-0.1656285087330407,0.0249723811548265
cmapss_fd001,5,full,tcn,f2,0.0358152504875778,-0.0062812880909494,0.0802055926310064
cmapss_fd001,5,full,tcn,auc_roc,-0.0006338248807913,-0.0043916758686495,0.0027995421835387
cmapss_fd001,5,full,tcn,auc_pr,-0.0523360499522998,-0.1775744912223798,0.0334057651809437
cmapss_fd001,5,full,timesnet,f2,-0.0021457869840294,-0.0529688652362694,0.0517660844564392
cmapss_fd001,5,full,timesnet,auc_roc,-0.0030990081538561,-0.0062225070530835,-0.0006320165305072
cmapss_fd001,5,full,timesnet,auc_pr,-0.0888436965806359,-0.2106048096972713,-0.0084810547595364
cmapss_fd001,5,proposed_lite,lstm,f2,0.0314936946326546,-0.0437919356589466,0.1142338651774005
cmapss_fd001,5,proposed_lite,lstm,auc_roc,-0.0047918252640747,-0.0086406982353498,-0.0018701659708485
cmapss_fd001,5,proposed_lite,lstm,auc_pr,-0.1179398238588102,-0.1861167805407672,-0.0560026654525053
cmapss_fd001,5,proposed_lite,tcn,f2,-0.0101331734754116,-0.044688688835567,0.0240142531318709
cmapss_fd001,5,proposed_lite,tcn,auc_roc,-0.0045766595668669,-0.010360160385177,-2.162329379613548e-05
cmapss_fd001,5,proposed_lite,tcn,auc_pr,-0.1146727428701606,-0.2119534419925142,-0.0283345218011373
cmapss_fd001,5,proposed_lite,timesnet,f2,-0.0480942109470189,-0.0984848143731282,0.0060291525468246
cmapss_fd001,5,proposed_lite,timesnet,auc_roc,-0.0070418428399318,-0.012671760892735,-0.0030023558297295
cmapss_fd001,5,proposed_lite,timesnet,auc_pr,-0.1511803894984968,-0.2395102410438035,-0.0729250806728917
cmapss_fd003,1,full,lstm,f2,-0.013796487972495,-0.0367579853524038,0.0060063561681823
cmapss_fd003,1,full,lstm,auc_roc,-0.0003297372086655,-0.0010357436169276,0.0002692389176633
cmapss_fd003,1,full,lstm,auc_pr,-0.0090901879477697,-0.0428270257960627,0.0172169926022754
cmapss_fd003,1,full,tcn,f2,0.0067400558200531,-0.0414243679972592,0.0529917246042056
cmapss_fd003,1,full,tcn,auc_roc,0.0012295946643175,-0.0007038227703072,0.0044012665243406
cmapss_fd003,1,full,tcn,auc_pr,-0.0139288180682914,-0.0657397915379742,0.0273019651704831
cmapss_fd003,1,full,timesnet,f2,0.0027930196817068,-0.0279614982130286,0.0306183452317278
cmapss_fd003,1,full,timesnet,auc_roc,-0.0005041469771236,-0.0014928688367713,0.0002757862429492
cmapss_fd003,1,full,timesnet,auc_pr,-0.027581920474234,-0.0694302738335555,0.0072658627293015
cmapss_fd003,1,proposed_lite,lstm,f2,-0.0529950008218056,-0.0960086995969875,-0.0211437777961435
cmapss_fd003,1,proposed_lite,lstm,auc_roc,-0.0058793966236513,-0.0156954823707393,-0.0005977298802113
cmapss_fd003,1,proposed_lite,lstm,auc_pr,-0.0895128479652208,-0.1637064333152595,-0.0113393591168908
cmapss_fd003,1,proposed_lite,tcn,f2,-0.0324584570292574,-0.0883590079281889,0.0175063368062413
cmapss_fd003,1,proposed_lite,tcn,auc_roc,-0.0043200647506681,-0.0107077863604242,-0.0006510675469871
cmapss_fd003,1,proposed_lite,tcn,auc_pr,-0.0943514780857425,-0.1584838865711609,-0.0332255233173808
cmapss_fd003,1,proposed_lite,timesnet,f2,-0.0364054931676037,-0.0885126696923784,0.0024512837601368
cmapss_fd003,1,proposed_lite,timesnet,auc_roc,-0.0060538063921093,-0.0162179948546885,-0.0006211674138872
cmapss_fd003,1,proposed_lite,timesnet,auc_pr,-0.1080045804916851,-0.1825140567173352,-0.0407779524386301
cmapss_fd003,2,full,lstm,f2,-0.0354327844200707,-0.0712684447280019,-0.0054436619110431
cmapss_fd003,2,full,lstm,auc_roc,-0.0076120740656639,-0.025785270863388,0.0003895928404064
cmapss_fd003,2,full,lstm,auc_pr,-0.0147557231087028,-0.061337633608699,0.018205531458471
cmapss_fd003,2,full,tcn,f2,-0.0171001122684081,-0.0580029043186679,0.0233668189308005
cmapss_fd003,2,full,tcn,auc_roc,-0.0065629322693008,-0.0233890275436555,0.0010598963218962
cmapss_fd003,2,full,tcn,auc_pr,0.0067270017890046,-0.03387706765716,0.0453213503142894
cmapss_fd003,2,full,timesnet,f2,-0.0304901075257109,-0.0829056753730596,0.0041980797945308
cmapss_fd003,2,full,timesnet,auc_roc,-0.0078380043585991,-0.0260691535621322,0.0002787040503154
cmapss_fd003,2,full,timesnet,auc_pr,-0.0249208567804957,-0.0766317626381287,0.0111620539685032
cmapss_fd003,2,proposed_lite,lstm,f2,-0.0531241929135271,-0.1124819419169317,-0.0080511398355169
cmapss_fd003,2,proposed_lite,lstm,auc_roc,-0.0044157037041916,-0.0112616607051386,-0.000631914443802
cmapss_fd003,2,proposed_lite,lstm,auc_pr,-0.0630097878518496,-0.1039244584988341,-0.0252362489137908
cmapss_fd003,2,proposed_lite,tcn,f2,-0.0347915207618645,-0.1028578342133642,0.0176964260884292
cmapss_fd003,2,proposed_lite,tcn,auc_roc,-0.0033665619078285,-0.0089056105880571,-8.615687045861455e-05
cmapss_fd003,2,proposed_lite,tcn,auc_pr,-0.0415270629541421,-0.0935577232214512,0.0061027288087695
cmapss_fd003,2,proposed_lite,timesnet,f2,-0.0481815160191673,-0.1173067988662685,0.0063614596914267
cmapss_fd003,2,proposed_lite,timesnet,auc_roc,-0.0046416339971268,-0.0116399626495872,-0.0006970023546742
cmapss_fd003,2,proposed_lite,timesnet,auc_pr,-0.0731749215236425,-0.1198573015216545,-0.0307581513741984
cmapss_fd003,3,full,lstm,f2,-0.0360180333841934,-0.076337982333736,-0.0012778106414408
cmapss_fd003,3,full,lstm,auc_roc,-0.0078515980573494,-0.0262477305336042,0.0005415584309702
cmapss_fd003,3,full,lstm,auc_pr,-0.0258532034353961,-0.0841013504605232,0.0247502911761618
cmapss_fd003,3,full,tcn,f2,-0.0281706950779969,-0.0796627835841744,0.0164002680776144
cmapss_fd003,3,full,tcn,auc_roc,-0.0078381783711946,-0.0266742328547577,0.0007317932851383
cmapss_fd003,3,full,tcn,auc_pr,-0.0197707421928891,-0.0795056065003088,0.0312079079713562
cmapss_fd003,3,full,timesnet,f2,-0.0291218273622734,-0.0895732746219054,0.0156688216669208
cmapss_fd003,3,full,timesnet,auc_roc,-0.0081437298134641,-0.0269696352129689,0.0004344845081857
cmapss_fd003,3,full,timesnet,auc_pr,-0.030651537513493,-0.0869082065427939,0.0188598407566655
cmapss_fd003,3,proposed_lite,lstm,f2,-0.0232722199150367,-0.0614710525945782,0.0100595559698126
cmapss_fd003,3,proposed_lite,lstm,auc_roc,-0.0039180110043545,-0.0126429081367317,0.0002406402241637
cmapss_fd003,3,proposed_lite,lstm,auc_pr,-0.0233273410035081,-0.0673140622434233,0.0106215656492018
cmapss_fd003,3,proposed_lite,tcn,f2,-0.0154248816088402,-0.0674166740174012,0.0314141063948585
cmapss_fd003,3,proposed_lite,tcn,auc_roc,-0.0039045913181997,-0.0130979916977333,0.0007261275355993
cmapss_fd003,3,proposed_lite,tcn,auc_pr,-0.0172448797610011,-0.07505931157699,0.0341875985342115
cmapss_fd003,3,proposed_lite,timesnet,f2,-0.0163760138931167,-0.0729395115456867,0.0265813563762517
cmapss_fd003,3,proposed_lite,timesnet,auc_roc,-0.0042101427604693,-0.0133495788618436,0.0001667742853295
cmapss_fd003,3,proposed_lite,timesnet,auc_pr,-0.028125675081605,-0.0739146060902171,0.0067087274380742
cmapss_fd003,4,full,lstm,f2,0.005753994938732,-0.0299714756448873,0.036031093946402
cmapss_fd003,4,full,lstm,auc_roc,-0.0014151541781711,-0.0061267418646308,0.001282269702253
cmapss_fd003,4,full,lstm,auc_pr,0.0090530537214389,-0.0491147125424051,0.0683905458161591
cmapss_fd003,4,full,tcn,f2,0.006860666078914,-0.0272018715102783,0.0354584201853692
cmapss_fd003,4,full,tcn,auc_roc,-0.0040186691638648,-0.0131583852720606,0.0002527363547523
cmapss_fd003,4,full,tcn,auc_pr,-0.0332258626675791,-0.0810359251054616,0.0030709388293988
cmapss_fd003,4,full,timesnet,f2,-0.0180924821377977,-0.0658809257185516,0.0194666480758129
cmapss_fd003,4,full,timesnet,auc_roc,-0.004280421911345,-0.0134782363893771,1.2081324184696023e-05
cmapss_fd003,4,full,timesnet,auc_pr,-0.0362189659586742,-0.0793136828862073,8.910281441605631e-05
cmapss_fd003,4,proposed_lite,lstm,f2,-0.0140810254673812,-0.0488834201038003,0.014857230945247
cmapss_fd003,4,proposed_lite,lstm,auc_roc,0.000606676939539,-0.0016072502963643,0.0038696166138454
cmapss_fd003,4,proposed_lite,lstm,auc_pr,-0.0219807316009996,-0.0743743591467175,0.0254081856127382
cmapss_fd003,4,proposed_lite,tcn,f2,-0.0129743543271991,-0.0482774659053991,0.0180940048594236
cmapss_fd003,4,proposed_lite,tcn,auc_roc,-0.0019968380461546,-0.0039349933329116,-0.0005360217025006
cmapss_fd003,4,proposed_lite,tcn,auc_pr,-0.0642596479900177,-0.1175605527320814,-0.0256709837742999
cmapss_fd003,4,proposed_lite,timesnet,f2,-0.037927502543911,-0.0774067248946792,-0.0046823577468837
cmapss_fd003,4,proposed_lite,timesnet,auc_roc,-0.0022585907936348,-0.0042787478743412,-0.0007591099887854
cmapss_fd003,4,proposed_lite,timesnet,auc_pr,-0.0672527512811127,-0.1132303895985775,-0.0308883598823478
cmapss_fd003,5,full,lstm,f2,-0.0203028303244937,-0.0490374868632796,0.0047944039392388
cmapss_fd003,5,full,lstm,auc_roc,-0.0024314776320566,-0.0081170864604718,0.0010273776091129
cmapss_fd003,5,full,lstm,auc_pr,-0.0024530253578405,-0.0491664483383874,0.0618937927631599
cmapss_fd003,5,full,tcn,f2,0.023946679797223,-0.0077884302674767,0.0641312427943591
cmapss_fd003,5,full,tcn,auc_roc,-0.0012966625957904,-0.0048834405203823,0.0006658925658765
cmapss_fd003,5,full,tcn,auc_pr,-0.0016631559405137,-0.0226750731265867,0.0266400342753808
cmapss_fd003,5,full,timesnet,f2,-0.0306762755501925,-0.0788720316341674,0.0119069164924748
cmapss_fd003,5,full,timesnet,auc_roc,-0.003210844118413,-0.0091382830582847,4.795161071398106e-05
cmapss_fd003,5,full,timesnet,auc_pr,-0.0375948916712271,-0.071620171764953,0.0019563397160625
cmapss_fd003,5,proposed_lite,lstm,f2,-0.0580513536423532,-0.1096882830314766,-0.0196121168189389
cmapss_fd003,5,proposed_lite,lstm,auc_roc,-0.0092105616704207,-0.0293784305179002,0.0009254024540343
cmapss_fd003,5,proposed_lite,lstm,auc_pr,-0.0110247564425991,-0.078019248395747,0.0565052745483105
cmapss_fd003,5,proposed_lite,tcn,f2,-0.0138018435206364,-0.0683956981985842,0.0359511158174144
cmapss_fd003,5,proposed_lite,tcn,auc_roc,-0.0080757466341544,-0.026182619911823,0.0009685041865025
cmapss_fd003,5,proposed_lite,tcn,auc_pr,-0.0102348870252723,-0.0601911152334659,0.0408647103610704
cmapss_fd003,5,proposed_lite,timesnet,f2,-0.0684247988680519,-0.139918361399435,-0.0133838487071678
cmapss_fd003,5,proposed_lite,timesnet,auc_roc,-0.0099899281567771,-0.0304600277300294,0.0001639044625437
cmapss_fd003,5,proposed_lite,timesnet,auc_pr,-0.0461666227559857,-0.1091996603802811,0.0069535211325984
xjtu,1,full,lstm,f2,-0.0544757557794303,-0.1284243379053393,-0.0021859356897719
xjtu,1,full,lstm,auc_roc,-0.1116748550131815,-0.2992727561746179,0.0416721468284807
xjtu,1,full,lstm,auc_pr,-0.143956716145131,-0.4281408586494289,0.0158309521969738
xjtu,1,full,tcn,f2,-0.1190188050065207,-0.2606264872019267,-0.030988461185839
xjtu,1,full,tcn,auc_roc,-0.1069203562276402,-0.3948685857321651,0.0894065489616551
xjtu,1,full,tcn,auc_pr,-0.3769737537408489,-0.5675564764656205,0.0151125031489773
xjtu,1,full,timesnet,f2,-0.131286641542814,-0.287502119961558,-0.0385216777037269
xjtu,1,full,timesnet,auc_roc,-0.1238621401414892,-0.4583854818523153,-0.0446523584623662
xjtu,1,full,timesnet,auc_pr,-0.1816834244604876,-0.5225880985826348,0.0496757026109636
xjtu,1,proposed_lite,lstm,f2,-0.045243177142572,-0.0891561268919759,-0.0095522209660791
xjtu,1,proposed_lite,lstm,auc_roc,-0.0832116159542247,-0.386093178813098,0.202836731033658
xjtu,1,proposed_lite,lstm,auc_pr,0.037538822652119,-0.2442409829093896,0.4912994085985698
xjtu,1,proposed_lite,tcn,f2,-0.1097862263696623,-0.2213582761885633,-0.0388830165886489
xjtu,1,proposed_lite,tcn,auc_roc,-0.0784571171686834,-0.2779411764705882,-0.011758102012836
xjtu,1,proposed_lite,tcn,auc_pr,-0.1954782149435988,-0.3086871492715415,-0.0342292597838406
xjtu,1,proposed_lite,timesnet,f2,-0.1220540629059557,-0.2482339089481946,-0.0475492539731059
xjtu,1,proposed_lite,timesnet,auc_roc,-0.0953989010825324,-0.3547794117647058,0.116512225742811
xjtu,1,proposed_lite,timesnet,auc_pr,-0.0001878856632375,-0.3471058091429728,0.4099765758720392
xjtu,2,full,lstm,f2,0.5114691042855684,0.1531710950276064,0.7800687285223368
xjtu,2,full,lstm,auc_roc,0.070105102686403,-0.0502465780998389,0.3015160022459293
xjtu,2,full,lstm,auc_pr,0.2032289210570079,-0.1012976716676187,0.5150905782087861
xjtu,2,full,tcn,f2,0.0270758006354354,-0.2181430636915143,0.2013467886632595
xjtu,2,full,tcn,auc_roc,-0.0507807861105519,-0.2409261576971213,0.0178113090145446
xjtu,2,full,tcn,auc_pr,-0.1397884711999456,-0.3436136891025944,0.0056898622732384
xjtu,2,full,timesnet,f2,-0.1352273095476347,-0.338231739396266,0.0012328752276077
xjtu,2,full,timesnet,auc_roc,-0.0537346770854678,-0.2359198998748435,0.1427302134542127
xjtu,2,full,timesnet,auc_pr,0.0831089493502214,-0.2591594800002966,0.4359599192621584
xjtu,2,proposed_lite,lstm,f2,0.5192416049543813,0.1800119149210234,0.7726931732933233
xjtu,2,proposed_lite,lstm,auc_roc,0.0744831189042496,-0.0858786125102705,0.3575394597292408
xjtu,2,proposed_lite,lstm,auc_pr,0.2579569819005553,-0.0939497090211806,0.6057927926212683
xjtu,2,proposed_lite,tcn,f2,0.0348483013042482,-0.215311004784689,0.192552860287387
xjtu,2,proposed_lite,tcn,auc_roc,-0.0464027698927053,-0.221839799749687,0.0385941390538211
xjtu,2,proposed_lite,tcn,auc_pr,-0.0850604103563982,-0.3158758913307146,0.0803232959818944
xjtu,2,proposed_lite,timesnet,f2,-0.1274548088788219,-0.3113909195028491,-0.0024536238136323
xjtu,2,proposed_lite,timesnet,auc_roc,-0.0493566608676212,-0.2176258350301861,0.1661825108004001
xjtu,2,proposed_lite,timesnet,auc_pr,0.1378370101937688,-0.2314216822284169,0.4852810725068553
xjtu,3,full,lstm,f2,-0.0671876268875438,-0.1969162002779551,0.0155645606925769
xjtu,3,full,lstm,auc_roc,-0.0183869848042396,-0.1453488372093023,0.1076345431789738
xjtu,3,full,lstm,auc_pr,0.091814175701917,-0.0771416131568218,0.3057565831957825
xjtu,3,full,tcn,f2,-0.1232517907120738,-0.3307840807840807,-0.0565674964582068
xjtu,3,full,tcn,auc_roc,-0.0361959479980361,-0.109751541191855,0.0105211914081904
xjtu,3,full,tcn,auc_pr,-0.0747246191549097,-0.1503081303090563,0.0307358172033667
xjtu,3,full,timesnet,f2,-0.118207602951251,-0.3494771601541002,0.033851561097001
xjtu,3,full,timesnet,auc_roc,-0.0061490029393374,-0.1637998785410638,0.1882716049382716
xjtu,3,full,timesnet,auc_pr,0.2216229495157033,-0.038941989044865,0.5208976697733582
xjtu,3,proposed_lite,lstm,f2,-0.0654747864169484,-0.1674304369964357,0.0047194641593
xjtu,3,proposed_lite,lstm,auc_roc,-0.0293789958622094,-0.1448432760364003,0.0746167412834077
xjtu,3,proposed_lite,lstm,auc_pr,0.037228979530233,-0.1012852848318276,0.150504043070077
xjtu,3,proposed_lite,tcn,f2,-0.1215389502414784,-0.2984665936473166,-0.0620506295353772
xjtu,3,proposed_lite,tcn,auc_roc,-0.0471879590560058,-0.1946182728410512,0.0092787114845939
xjtu,3,proposed_lite,tcn,auc_pr,-0.1293098153265937,-0.2239236530244029,-0.0075757575757574
xjtu,3,proposed_lite,timesnet,f2,-0.1164947624806556,-0.3127148497026658,0.0230064645637241
xjtu,3,proposed_lite,timesnet,auc_roc,-0.0171410139973072,-0.1626254777980209,0.1868471035137702
xjtu,3,proposed_lite,timesnet,auc_pr,0.1670377533440192,-0.0831035926912378,0.5148562220367412
xjtu,4,full,lstm,f2,-0.0203322363352124,-0.069071703826039,0.0011855750690499
xjtu,4,full,lstm,auc_roc,0.1145521367049655,-0.0042403541254335,0.2417943532705918
xjtu,4,full,lstm,auc_pr,0.0246495158529588,-0.2305706009876749,0.216603171687289
xjtu,4,full,tcn,f2,-0.1088593387215606,-0.1594773479402031,-0.0715852471800773
xjtu,4,full,tcn,auc_roc,0.0185214443260379,-0.2362327909887358,0.344092712141246
xjtu,4,full,tcn,auc_pr,-0.2355803444272505,-0.5191403564737966,0.2261543044585703
xjtu,4,full,timesnet,f2,-0.0943303934366147,-0.1955415422059963,-0.0308642833508046
xjtu,4,full,timesnet,auc_roc,0.0734736800278605,-0.2925531914893617,0.2548417204635607
xjtu,4,full,timesnet,auc_pr,0.0324527267060488,-0.301178281918452,0.3295184712930337
xjtu,4,proposed_lite,lstm,f2,-0.0739078100270792,-0.1134467801134467,-0.0308221177233662
xjtu,4,proposed_lite,lstm,auc_roc,-0.0357080208472183,-0.2051606128956989,0.1262079831932774
xjtu,4,proposed_lite,lstm,auc_pr,0.0909667246304775,-0.1304867583337914,0.2395658808353089
xjtu,4,proposed_lite,tcn,f2,-0.1624349124134274,-0.2114536533073031,-0.0770745428973277
xjtu,4,proposed_lite,tcn,auc_roc,-0.1317387132261459,-0.3016270337922403,-0.0126621629700485
xjtu,4,proposed_lite,tcn,auc_pr,-0.1692631356497318,-0.3615084104486059,0.0194384317605059
xjtu,4,proposed_lite,timesnet,f2,-0.1479059671284815,-0.2469032240024606,-0.0813187014677705
xjtu,4,proposed_lite,timesnet,auc_roc,-0.0767864775243233,-0.3579474342928662,0.1631393298059964
xjtu,4,proposed_lite,timesnet,auc_pr,0.0987699354835675,-0.2580625293404829,0.5241174088803109
xjtu,5,full,lstm,f2,-0.0470693049613688,-0.1939338235294118,0.0245092880071566
xjtu,5,full,lstm,auc_roc,0.0223029391697972,-0.1814069588825777,0.2237920168067226
xjtu,5,full,lstm,auc_pr,0.2377534982699652,-0.0943348212884053,0.5221201742531817
xjtu,5,full,tcn,f2,-0.1797409449005687,-0.4005335365853658,-0.0941458353325017
xjtu,5,full,tcn,auc_roc,-0.2097795615010013,-0.4115984353231164,-0.0140754307420974
xjtu,5,full,tcn,auc_pr,-0.1503043607226968,-0.3167649880379819,0.0393158355724148
xjtu,5,full,timesnet,f2,-0.1278050679842141,-0.3100736927470822,-0.0048752132905814
xjtu,5,full,timesnet,auc_roc,-0.0706564122902845,-0.2990479762797843,0.1759937593270926
xjtu,5,full,timesnet,auc_pr,0.1468995566384406,-0.245966027323859,0.5347193277299849
xjtu,5,proposed_lite,lstm,f2,-0.058483452485281,-0.1828120255086547,0.0257221168037107
xjtu,5,proposed_lite,lstm,auc_roc,0.0235218968654339,-0.1548244203908119,0.220407678741012
xjtu,5,proposed_lite,lstm,auc_pr,0.2199227368806541,-0.0873944370832039,0.5036246109583147
xjtu,5,proposed_lite,tcn,f2,-0.191155092424481,-0.3598313760915387,-0.0929330065359477
xjtu,5,proposed_lite,tcn,auc_roc,-0.2085606038053647,-0.3850158968313507,-0.0141093474426807
xjtu,5,proposed_lite,tcn,auc_pr,-0.1681351221120079,-0.3239716036300634,0.0233462538924561
xjtu,5,proposed_lite,timesnet,f2,-0.1392192155081264,-0.3504480159294553,-0.0036623844940274
xjtu,5,proposed_lite,timesnet,auc_roc,-0.0694374545946479,-0.2744055068836045,0.1759598426265093
xjtu,5,proposed_lite,timesnet,auc_pr,0.1290687952491295,-0.2901694212380056,0.5162237644351179
ur3,1,full,lstm,f2,0.001497892609213519,-0.029186756378116213,0.03813288300637687
ur3,1,full,lstm,auc_roc,-0.006861430044994928,-0.023188337770855477,0.010840091699841247
ur3,1,full,lstm,auc_pr,-0.001644607172375037,-0.032835376393526225,0.03448756954379761
ur3,1,full,tcn,f2,0.004720247201417857,-0.028583749078255418,0.03231383513414177
ur3,1,full,tcn,auc_roc,0.0032032106640483065,-0.035818646698092184,0.04042676337106848
ur3,1,full,tcn,auc_pr,0.07288301793783274,-0.01180283354535277,0.1608868547214491
ur3,1,full,timesnet,f2,0.011627443644853182,-0.049750407729359576,0.08452285527421133
ur3,1,full,timesnet,auc_roc,-0.015955252557762114,-0.06437165536286629,0.02847812842852118
ur3,1,full,timesnet,auc_pr,-0.027455277674115923,-0.08246428256819972,0.02310727239764106
ur3,1,proposed_lite,lstm,f2,-0.043397146951386786,-0.07130435605451382,-0.01727463832164755
ur3,1,proposed_lite,lstm,auc_roc,-0.030526266316642296,-0.06829162735480077,0.009874345773899914
ur3,1,proposed_lite,lstm,auc_pr,-0.007072075401237032,-0.05724064027617758,0.05776878943892525
ur3,1,proposed_lite,tcn,f2,-0.040174792359182455,-0.10044442186922499,0.010504652174719825
ur3,1,proposed_lite,tcn,auc_roc,-0.02046162560759907,-0.08263634129708747,0.03561421843996309
ur3,1,proposed_lite,tcn,auc_pr,0.06745554970897075,-0.020546160733458125,0.1578866259566561
ur3,1,proposed_lite,timesnet,f2,-0.033267595915747135,-0.08369774923859505,0.017481569517885272
ur3,1,proposed_lite,timesnet,auc_roc,-0.03962008882940949,-0.09006166879939498,0.003244211844098538
ur3,1,proposed_lite,timesnet,auc_pr,-0.03288274590297792,-0.10077896262309011,0.023857639075411115
ur3,2,full,lstm,f2,-0.05959358315015522,-0.10857095718033204,-0.015099295114454427
ur3,2,full,lstm,auc_roc,-0.0640331659674471,-0.10740800185129122,-0.023793006810200086
ur3,2,full,lstm,auc_pr,-0.09235294216383719,-0.14259794593499336,-0.05028973063176135
ur3,2,full,tcn,f2,-0.0181089425511052,-0.07066466509159432,0.03140725786771892
ur3,2,full,tcn,auc_roc,-0.019758455991295578,-0.08433456050540682,0.038860489344989986
ur3,2,full,tcn,auc_pr,-0.0221999242613787,-0.11473331688824369,0.061738402419921956
ur3,2,full,timesnet,f2,-0.052106509722554165,-0.12747977688566,0.026350559881479718
ur3,2,full,timesnet,auc_roc,-0.06990871222903337,-0.1279072058114874,-0.01600518706439001
ur3,2,full,timesnet,auc_pr,-0.08793715360010931,-0.17147834110737162,-0.018322472129518846
ur3,2,proposed_lite,lstm,f2,-0.03778246942614321,-0.08279616219313013,0.007466251678273726
ur3,2,proposed_lite,lstm,auc_roc,-0.023704542490017286,-0.06723207158875462,0.01987413763496565
ur3,2,proposed_lite,lstm,auc_pr,-0.017868876491995343,-0.061432376148263156,0.0286437850070657
ur3,2,proposed_lite,tcn,f2,0.0037021711729068097,-0.05878290401217393,0.05534329494487618
ur3,2,proposed_lite,tcn,auc_roc,0.02057016748613423,-0.05046423333784933,0.08779651420527063
ur3,2,proposed_lite,tcn,auc_pr,0.05228414141046315,-0.034428270988951896,0.1433032350087089
ur3,2,proposed_lite,timesnet,f2,-0.03029539599854216,-0.08030408988159451,0.020315138001824544
ur3,2,proposed_lite,timesnet,auc_roc,-0.029580088751603558,-0.06697795270858764,0.006989701621485906
ur3,2,proposed_lite,timesnet,auc_pr,-0.01345308792826745,-0.06758702896430216,0.03900741083999705
ur3,3,full,lstm,f2,0.012723032917357305,-0.02283556964445846,0.04464231682515507
ur3,3,full,lstm,auc_roc,0.03163702403600431,0.003430915450569125,0.059574665050856554
ur3,3,full,lstm,auc_pr,0.060304810495829655,0.019556110030783832,0.11153190458172636
ur3,3,full,tcn,f2,0.0020760005878844366,-0.029539471059332613,0.03225371664154865
ur3,3,full,tcn,auc_roc,-0.012058969357867098,-0.048142664448039635,0.02123838328041194
ur3,3,full,tcn,auc_pr,0.019196573570111633,-0.035418448948481694,0.08186210509210436
ur3,3,full,timesnet,f2,0.011346257159028504,-0.039940909665674755,0.06216986314141185
ur3,3,full,timesnet,auc_roc,0.015501746048563188,-0.028427960711583145,0.05642523487390121
ur3,3,full,timesnet,auc_pr,0.023101342215899802,-0.03583984415003315,0.08102493778321765
ur3,3,proposed_lite,lstm,f2,-0.03395543315821908,-0.08269848593877316,0.010901369449860128
ur3,3,proposed_lite,lstm,auc_roc,0.0017025990304130672,-0.036900986690192664,0.038974477462431295
ur3,3,proposed_lite,lstm,auc_pr,0.046174209111421456,0.003223463389178044,0.09515178884895228
ur3,3,proposed_lite,tcn,f2,-0.04460246548769196,-0.12361589405379012,0.03072534666177439
ur3,3,proposed_lite,tcn,auc_roc,-0.04199339436345834,-0.09569308642501893,0.00699706761985191
ur3,3,proposed_lite,tcn,auc_pr,0.005065972185703438,-0.057004867483990744,0.07304583849499344
ur3,3,proposed_lite,timesnet,f2,-0.03533220891654789,-0.10191239077034805,0.030015207025342487
ur3,3,proposed_lite,timesnet,auc_roc,-0.014432678957028053,-0.0600390078332644,0.03202311945914346
ur3,3,proposed_lite,timesnet,auc_pr,0.008970740831491606,-0.05011207251839011,0.06913209881110965
ur3,4,full,lstm,f2,-0.040501802906852055,-0.09732480812450166,0.01244835389966977
ur3,4,full,lstm,auc_roc,-0.07293338928521768,-0.11057287970505021,-0.036483584413189975
ur3,4,full,lstm,auc_pr,-0.1108277655123434,-0.1683105797831752,-0.06319041513871552
ur3,4,full,tcn,f2,0.007603719600024043,-0.008333161977182577,0.02578114723547677
ur3,4,full,tcn,auc_roc,-0.002980011619184943,-0.040218901496054435,0.029396513098343218
ur3,4,full,tcn,auc_pr,0.03709139668805252,-0.010414024152614922,0.0829411589120019
ur3,4,full,timesnet,f2,-0.021156690283220446,-0.04543043155155776,0.006337841474867878
ur3,4,full,timesnet,auc_roc,-0.0670313204368334,-0.12388315251014158,-0.010223284741269387
ur3,4,full,timesnet,auc_pr,-0.08940448053680124,-0.17080079332325404,-0.016589940457211346
ur3,4,proposed_lite,lstm,f2,-0.08835265282239714,-0.15614327262713043,-0.022297596103066097
ur3,4,proposed_lite,lstm,auc_roc,-0.11889649064001492,-0.19572516457461162,-0.04973577090841536
ur3,4,proposed_lite,lstm,auc_pr,-0.16432717001045813,-0.26486548031657703,-0.08032187539192544
ur3,4,proposed_lite,tcn,f2,-0.040247130315521046,-0.0630310003283572,-0.01058657759872219
ur3,4,proposed_lite,tcn,auc_roc,-0.048943112973982156,-0.09992589905862577,-0.003924314188926505
ur3,4,proposed_lite,tcn,auc_pr,-0.016408007810062214,-0.08851409524565286,0.04246059587483364
ur3,4,proposed_lite,timesnet,f2,-0.06900754019876554,-0.09757930830051165,-0.04525836328420374
ur3,4,proposed_lite,timesnet,auc_roc,-0.11299442179163062,-0.1986617632096818,-0.028441304366036393
ur3,4,proposed_lite,timesnet,auc_pr,-0.142903885034916,-0.2532319765423704,-0.047968093792152666
ur3,5,full,lstm,f2,-0.04184262556811464,-0.08310602931292628,-0.0029593267587689643
ur3,5,full,lstm,auc_roc,-0.026428066943352112,-0.05813429908982116,0.0008989663849252017
ur3,5,full,lstm,auc_pr,-0.020181205659317407,-0.05693102417379367,0.01356824765955691
ur3,5,full,tcn,f2,-0.05990190325470144,-0.11727543004745211,-0.0010001889400351267
ur3,5,full,tcn,auc_roc,-0.002745840915949748,-0.043570329705843264,0.03801987885109788
ur3,5,full,tcn,auc_pr,0.05835825468114588,-0.01811181087669612,0.15097070440889143
ur3,5,full,timesnet,f2,-0.048649616928547156,-0.11319970599795064,0.022380882785415293
ur3,5,full,timesnet,auc_roc,-0.0344305785278104,-0.08108527744502303,0.008721051290983326
ur3,5,full,timesnet,auc_pr,-0.025775984538237602,-0.08916616732430062,0.032496786631364974
ur3,5,proposed_lite,lstm,f2,0.016067571213667836,-0.032403631337499454,0.07030621069924997
ur3,5,proposed_lite,lstm,auc_roc,-0.0005503163568625406,-0.03137557074979521,0.028986930171277913
ur3,5,proposed_lite,lstm,auc_pr,0.00167379176508341,-0.03680965731309913,0.04896422850063559
ur3,5,proposed_lite,tcn,f2,-0.001991706472918969,-0.040046553773231394,0.04085644997229657
ur3,5,proposed_lite,tcn,auc_roc,0.02313190967053982,-0.010603920181548106,0.057033625591193175
ur3,5,proposed_lite,tcn,auc_pr,0.0802132521055467,0.014164361368513456,0.15522342272824602
ur3,5,proposed_lite,timesnet,f2,0.009260579853235326,-0.03811908456798334,0.05653777006718399
ur3,5,proposed_lite,timesnet,auc_roc,-0.008552827941320834,-0.04375955849236513,0.02195173768448935
ur3,5,proposed_lite,timesnet,auc_pr,-0.003920987113836791,-0.06156328091308347,0.046201002667053404
