dataset,proposed,baseline,metric,proposed_value,baseline_value,diff_mean,diff_sd,ci_low,ci_high,ci_includes_zero,n_bootstrap,n_units
cmapss_fd001,full,lstm,f2,0.8652246256239601,0.895937673900946,-0.03115922442570712,0.013415246315334377,-0.06027567920776961,-0.007775303046340154,False,5000,100
cmapss_fd001,full,lstm,auc_roc,0.9947899871994058,0.9970108536335122,-0.00225263357781057,0.001053746818660762,-0.004465301573727218,-0.00041445871440732587,False,5000,100
cmapss_fd001,full,lstm,auc_pr,0.877608548519255,0.9201263237791656,-0.04347430484075755,0.02588876199197245,-0.09929220760611583,0.0008912340760823359,True,5000,100
cmapss_fd001,full,tcn,f2,0.8652246256239601,0.8416389811738649,0.024836318602165165,0.02631665990989239,-0.024200162300425716,0.07993250788747366,True,5000,100
cmapss_fd001,full,tcn,auc_roc,0.9947899871994058,0.9927315710530688,0.0020435266674577925,0.0017753392087882557,-0.001151850686445563,0.0058124309654376954,True,5000,100
cmapss_fd001,full,tcn,auc_pr,0.877608548519255,0.8743550149636624,0.00256385443468693,0.025123706597332346,-0.047519978174218075,0.05292561372320031,True,5000,100
cmapss_fd001,full,timesnet,f2,0.8652246256239601,0.8849557522123894,-0.019411960809281207,0.014337636549466317,-0.04804745868720594,0.00705553797937733,True,5000,100
cmapss_fd001,full,timesnet,auc_roc,0.9947899871994058,0.9969412320816111,-0.002217821814677863,0.0010469777900656125,-0.004434030918032278,-0.0002969355990249472,False,5000,100
cmapss_fd001,full,timesnet,auc_pr,0.877608548519255,0.920355853001618,-0.044825879871185643,0.031400253680679314,-0.11368395631066752,0.008745453042729329,True,5000,100
cmapss_fd001,proposed_lite,lstm,f2,0.8065425831923294,0.895937673900946,-0.0907327277005369,0.02788031104039848,-0.15072019965751787,-0.04118967762285578,False,5000,100
cmapss_fd001,proposed_lite,lstm,auc_roc,0.9922988792151575,0.9970108536335122,-0.004686815629984022,0.002004312478513154,-0.009202048632582902,-0.0013754640591353967,False,5000,100
cmapss_fd001,proposed_lite,lstm,auc_pr,0.8286280899544591,0.9201263237791656,-0.09097251908953795,0.03901951232389416,-0.1779572116743151,-0.027081240171759623,False,5000,100
cmapss_fd001,proposed_lite,tcn,f2,0.8065425831923294,0.8416389811738649,-0.03473718467266462,0.02458073492907816,-0.08547863050551183,0.012446658292558185,True,5000,100
cmapss_fd001,proposed_lite,tcn,auc_roc,0.9922988792151575,0.9927315710530688,-0.00039065538471565945,0.0012292556858158343,-0.00274754198500638,0.0020509380190988683,True,5000,100
cmapss_fd001,proposed_lite,tcn,auc_pr,0.8286280899544591,0.8743550149636624,-0.044934359814093466,0.031741187486650536,-0.11147247425946363,0.013044677345078333,True,5000,100
cmapss_fd001,proposed_lite,timesnet,f2,0.8065425831923294,0.8849557522123894,-0.078985464084111,0.02353594535313006,-0.1291393025221144,-0.03538590315085094,False,5000,100
cmapss_fd001,proposed_lite,timesnet,auc_roc,0.9922988792151575,0.9969412320816111,-0.004652003866851315,0.001758187506099408,-0.008534135550288044,-0.0016397986541073948,False,5000,100
cmapss_fd001,proposed_lite,timesnet,auc_pr,0.8286280899544591,0.920355853001618,-0.09232409411996605,0.03896516588806097,-0.17845865359898946,-0.02680345821300425,False,5000,100
cmapss_fd003,full,lstm,f2,0.8984867591424969,0.9117082533589251,-0.014089880620374697,0.010785573375041657,-0.03714711374059824,0.005568301548046258,True,5000,100
cmapss_fd003,full,lstm,auc_roc,0.9983224190594114,0.9986531157912817,-0.00033768677087192285,0.0003448195153546527,-0.0010860486794322499,0.0002633328038121274,True,5000,100
cmapss_fd003,full,lstm,auc_pr,0.9245168067301828,0.9326262275994409,-0.009536344133493578,0.01584580709900527,-0.045174011541102066,0.016792356198578256,True,5000,100
cmapss_fd003,full,tcn,f2,0.8984867591424969,0.8898589657488247,0.0070456834433920874,0.023618648319080053,-0.03908117866075946,0.05271394586678679,True,5000,100
cmapss_fd003,full,tcn,auc_roc,0.9983224190594114,0.9970414178430114,0.0012360791612456691,0.0014379416933086692,-0.000740631734874897,0.004509865984379841,True,5000,100
cmapss_fd003,full,tcn,auc_pr,0.9245168067301828,0.9363996609526192,-0.013316363974827522,0.023903504799140576,-0.06622497277133632,0.027871739196657495,True,5000,100
cmapss_fd003,full,timesnet,f2,0.8984867591424969,0.8952912019826518,0.0029965512030982544,0.014926100151725016,-0.028202688501321557,0.03002785017021619,True,5000,100
cmapss_fd003,full,timesnet,auc_roc,0.9983224190594114,0.9988205149896624,-0.000495947101843454,0.000461561244625327,-0.0015210773940520837,0.0002776572092829049,True,5000,100
cmapss_fd003,full,timesnet,auc_pr,0.9245168067301828,0.9514085826477672,-0.027003596549005398,0.019714014083730733,-0.0709578268895168,0.00799868466709492,True,5000,100
cmapss_fd003,proposed_lite,lstm,f2,0.8600493218249076,0.9117082533589251,-0.052634751379507294,0.01867641599199153,-0.0938833179797661,-0.021403149053716576,False,5000,100
cmapss_fd003,proposed_lite,lstm,auc_roc,0.9926805790012703,0.9986531157912817,-0.005874706173137652,0.004406107804003495,-0.015960549463148795,-0.0006186401759046283,False,5000,100
cmapss_fd003,proposed_lite,lstm,auc_pr,0.8365557357345825,0.9326262275994409,-0.08980365656467673,0.038243992166663646,-0.16418674913276957,-0.013605769479942052,False,5000,100
cmapss_fd003,proposed_lite,tcn,f2,0.8600493218249076,0.8898589657488247,-0.0314991873157405,0.026578818956190797,-0.08557428818681818,0.018201218888918912,True,5000,100
cmapss_fd003,proposed_lite,tcn,auc_roc,0.9926805790012703,0.9970414178430114,-0.00430094024102006,0.0028309914860125966,-0.010750858103380955,-0.0006410815093683137,False,5000,100
cmapss_fd003,proposed_lite,tcn,auc_pr,0.8365557357345825,0.9363996609526192,-0.09358367640601069,0.02966706954864321,-0.1531654638670209,-0.037276175564804906,False,5000,100
cmapss_fd003,proposed_lite,timesnet,f2,0.8600493218249076,0.8952912019826518,-0.03554831955603433,0.023739982304952487,-0.08762647143684289,0.0038987614006093553,True,5000,100
cmapss_fd003,proposed_lite,timesnet,auc_roc,0.9926805790012703,0.9988205149896624,-0.006032966504109183,0.004547716051811781,-0.016436598505608725,-0.0006252589559711748,False,5000,100
cmapss_fd003,proposed_lite,timesnet,auc_pr,0.8365557357345825,0.9514085826477672,-0.10727090898018855,0.03494958727136905,-0.1798752104311698,-0.04027198998774695,False,5000,100
xjtu,full,lstm,f2,0.5443548387096774,0.594758064516129,-0.05470545476709701,0.031681999551547164,-0.12842433790533933,-0.0021859356897719895,False,5000,4
xjtu,full,lstm,auc_roc,0.6362688286131442,0.71924622067452,-0.111574384231995,0.10883752725473156,-0.2992727561746179,0.04167214682848075,True,5000,4
xjtu,full,lstm,auc_pr,0.3164118721520871,0.42362692731262697,-0.14292553503531266,0.11517153535039489,-0.42814085864942897,0.01583095219697389,True,5000,4
xjtu,full,tcn,f2,0.5443548387096774,0.652834008097166,-0.11975686259667363,0.06363047339755656,-0.2606264872019267,-0.03098846118583909,False,5000,4
xjtu,full,tcn,auc_roc,0.6362688286131442,0.7272900399923825,-0.10862500306290077,0.11869156891317452,-0.39486858573216516,0.08940654896165512,True,5000,4
xjtu,full,tcn,auc_pr,0.3164118721520871,0.6924928583939124,-0.37697960521234725,0.140888124516421,-0.5675564764656205,0.015112503148977385,True,5000,4
xjtu,full,timesnet,f2,0.5443548387096774,0.6659939455095862,-0.13169905210167382,0.06661315648736753,-0.28750211996155806,-0.03852167770372694,False,5000,4
xjtu,full,timesnet,auc_roc,0.6362688286131442,0.734952979477832,-0.12501931873921057,0.09509802783751657,-0.45838548185231537,-0.04465235846236626,False,5000,4
xjtu,full,timesnet,auc_pr,0.3164118721520871,0.4666206690476176,-0.1790952116519156,0.14227829431582978,-0.5225880985826348,0.04967570261096366,True,5000,4
xjtu,proposed_lite,lstm,f2,0.5533399800598205,0.594758064516129,-0.04557251569418028,0.020219694675024515,-0.08915612689197594,-0.009552220966079106,False,5000,4
xjtu,proposed_lite,lstm,auc_roc,0.6497991312312394,0.71924622067452,-0.08257771883140003,0.16851835767845635,-0.386093178813098,0.20283673103365807,True,5000,4
xjtu,proposed_lite,lstm,auc_pr,0.4505336947801045,0.42362692731262697,0.039538906377212336,0.20271770455785554,-0.24424098290938961,0.4912994085985698,True,5000,4
xjtu,proposed_lite,tcn,f2,0.5533399800598205,0.652834008097166,-0.11062392352375687,0.05374746421598186,-0.22135827618856335,-0.0388830165886489,False,5000,4
xjtu,proposed_lite,tcn,auc_roc,0.6497991312312394,0.7272900399923825,-0.07962833766230577,0.05989997326128916,-0.27794117647058825,-0.011758102012836058,False,5000,4
xjtu,proposed_lite,tcn,auc_pr,0.4505336947801045,0.6924928583939124,-0.19451516379982225,0.07715350967987569,-0.3086871492715415,-0.034229259783840615,False,5000,4
xjtu,proposed_lite,timesnet,f2,0.5533399800598205,0.6659939455095862,-0.12256611302875706,0.05425638198746649,-0.24823390894819464,-0.04754925397310594,False,5000,4
xjtu,proposed_lite,timesnet,auc_roc,0.6497991312312394,0.734952979477832,-0.09602265333861558,0.11877074176842077,-0.35477941176470584,0.11651222574281106,True,5000,4
xjtu,proposed_lite,timesnet,auc_pr,0.4505336947801045,0.4666206690476176,0.0033692297606094015,0.20771185541572043,-0.34710580914297284,0.4099765758720392,True,5000,4
ur3,full,lstm,f2,0.7489775051124744,0.7477567298105683,0.0010906788964846071,0.017222483302757836,-0.030595873769962954,0.036717904680255306,True,5000,36
ur3,full,lstm,auc_roc,0.8452358761521811,0.8519958458711687,-0.006859598693619006,0.008632855888370431,-0.023385918516166244,0.010566177435128145,True,5000,36
ur3,full,lstm,auc_pr,0.7624465035370753,0.7646317468334217,-0.0011638471686954677,0.017333035894581038,-0.0323185784312982,0.03694344888867343,True,5000,36
ur3,full,tcn,f2,0.7489775051124744,0.7451923076923077,0.004662223044189268,0.016066600432496393,-0.029850138212706594,0.03378916603878016,True,5000,36
ur3,full,tcn,auc_roc,0.8452358761521811,0.8422800537145596,0.003146541596963997,0.01992073587017688,-0.036864738889260465,0.04176814171319893,True,5000,36
ur3,full,tcn,auc_pr,0.7624465035370753,0.6856895267007919,0.07265784514332266,0.04487645316136967,-0.013522160692178965,0.16090999685632695,True,5000,36
ur3,full,timesnet,f2,0.7489775051124744,0.7372654155495979,0.011400227468040487,0.034233103613222536,-0.049093083354551,0.08556867853374021,True,5000,36
ur3,full,timesnet,auc_roc,0.8452358761521811,0.8612893776795462,-0.016028209701207424,0.02404266938587685,-0.06409238203707666,0.030418094048090302,True,5000,36
ur3,full,timesnet,auc_pr,0.7624465035370753,0.7908861960998248,-0.02790511858309003,0.027626903076330575,-0.08371845960824606,0.0254282214657037,True,5000,36
ur3,proposed_lite,lstm,f2,0.7043935052531041,0.7477567298105683,-0.04354347427011362,0.013765645089542465,-0.0713007064014406,-0.01781293523892889,False,5000,36
ur3,proposed_lite,lstm,auc_roc,0.8212355109540421,0.8519958458711687,-0.029685033100267252,0.020137274253649615,-0.06760500679593902,0.012882247430663235,True,5000,36
ur3,proposed_lite,lstm,auc_pr,0.7574957267111,0.7646317468334217,-0.005484610690418954,0.03015984018807146,-0.05712750777395348,0.06227340847352173,True,5000,36
ur3,proposed_lite,tcn,f2,0.7043935052531041,0.7451923076923077,-0.03997193012240896,0.029532955473979484,-0.10054289371413093,0.01225107843943265,True,5000,36
ur3,proposed_lite,tcn,auc_roc,0.8212355109540421,0.8422800537145596,-0.019678892809684247,0.0308778733179693,-0.08071388151767438,0.03878011841681599,True,5000,36
ur3,proposed_lite,tcn,auc_pr,0.7574957267111,0.6856895267007919,0.06833708162159918,0.04582275719112223,-0.02295465435634609,0.16027834315793354,True,5000,36
ur3,proposed_lite,timesnet,f2,0.7043935052531041,0.7372654155495979,-0.033233925698557744,0.026295487624209267,-0.08419272850360805,0.018166352264451638,True,5000,36
ur3,proposed_lite,timesnet,auc_roc,0.8212355109540421,0.8612893776795462,-0.03885364410785567,0.02449679460619636,-0.08793148958268754,0.006204114874132123,True,5000,36
ur3,proposed_lite,timesnet,auc_pr,0.7574957267111,0.7908861960998248,-0.032225882104813516,0.032374706642532766,-0.09847335268704219,0.028736124516575742,True,5000,36
